smiles,label
BrC/C=C/[Si](C)(C)C,0
C/C(C)=C(C)/C,0
C/C=C(C)\C,0
C/C=C(C)\Cl,0
C/C=C/C(C)C,0
C/C=C/CC(C)C,0
C/C=C/CC(C)CC#N,1
C/C=C/CCC,0
C/C=C/CCC(C)C,0
C/C=C/CCCCC,0
C/C=C/CCCCCC,0
C/C=C/CCCCCCC,0
C/C=C/CCCCCCCC,0
C/C=C/SCC,0
C/C=C/SCCCC,0
C/C=C/SCCCCCC,0
C/C=C/SCCCCCCCC,0
C/C=C/SCCCCCCCCCC,0
C/C=C/[Si](C)(C)C,0
C/C=C\C,0
C/C=C\C1=CC=C(C=C1)[Si](C)(C)C,0
C/C=C\C1=CC=CC=C1,1
C/C=C\CC(C)CCC,0
C/C=C\CCC1OC1(C)C,0
C/C=C\[Si](C)(C)C,0
C/C=C\[Si](C)(C)C(C)C,0
C/C=C\[Si](C)(C)CC,0
C/C=C\[Si](C1=CC=CC=C1)(C)C,1
C/C=C\[Si](CCC)(C)C,0
C/C=C\[Si](CCCC)(C)C,0
C/C=C\[Si](CCCCCCCC)(C)C,0
C1(/C=C/C2=CC=CC=C2)=CC(C(C=CC=C3)=C3C4)=C4C=C1,0
C1(/C=C\C2=CC=C(C3=CC=CC=C3)C=C2)=CC=CC=C1,0
C1(/C=C\C2=CC=CC=C2)=CC=C(CCC3)C3=C1,0
C1(/C=C\C2=CC=CC=C2)=CC=CC=C1,0
C1(C2=CC=CC=C2)=NN=CN1C3=CC=CC=C3,1
C1(C2=NN=C(N2C3=CC=CC=C3)C4=CC=C(C5=NN=C(N5C6=CC=CC=C6)C7=CC=CC=C7)C=C4)=CC=C(C=C1)C8=NN=C(C9=CC=CC(C%10=NN=CN%10C%11=CC=CC=C%11)=C9)N8C%12=CC=CC=C%12,1
C=C(C)C(=O)OCCO,1
C=C(C)C(=O)OCCOCCO,1
C=C(C)C(=O)OCCOCCOCCO,1
C=CC(C)(C)C,0
C=CC1=CC=CC=C1[Ge](C)(C)C,0
C=CC1=CC=CC=C1[Si](C)(C)C,0
C=CC1CCC(F)(F)C1(C(F)(F)F)C(F)(F)F,0
C=CC1CCC(F)(F)C1(F)OC(F)(F)C(F)(F)C(F)(F)F,0
C=CC1CCCC1,0
C=CC1CCCC1[Si](C)(C)C,0
C=CC1CCCC1[Si](C)(C)C[Si](C)(C)C,0
C=CC2CCC3C(=O)N(C1CCCCC1)C(=O)C23,1
C=CC2CCC3C(=O)N(c1c(F)c(F)c(F)c(F)c1F)C(=O)C23,0
C=CC2CCC3C(=O)N(c1cc(C(F)(F)F)cc(C(F)(F)F)c1)C(=O)C23,0
C=CC2CCC3C(=O)N(c1ccccc1)C(=O)C23,1
C=CC4CCC5C(=O)N(C23CC1CC(CC(C1)C2)C3)C(=O)C45,0
C=CC5CC(/C=C\C2CCC3C(=O)N(c1ccccc1)C(=O)C23)C6C(=O)N(c4c(F)c(F)c(F)c(F)c4F)C(=O)C56,1
C=Cc1ccccc1,0
CC,0
CC%10(C)CC(C)(c6ccc(Oc5ccc(c4ccc(n3c(=O)c2cc1c(=O)[nH]c(=O)c1cc2c3=O)cc4)cc5C(F)(F)F)cc6)c9cc(Oc8ccc(c7ccccc7)cc8C(F)(F)F)ccc9%10,0
CC%11(C)CC(C)(c7ccc(Oc6ccc(c5ccc(n4c(=O)c3ccc(C(=O)c2ccc1c(=O)[nH]c(=O)c1c2)cc3c4=O)cc5)cc6C(F)(F)F)cc7)c%10cc(Oc9ccc(c8ccccc8)cc9C(F)(F)F)ccc%10%11,1
CC%11(C)CC(C)(c7ccc(Oc6ccc(c5ccc(n4c(=O)c3ccc(Oc2ccc1c(=O)[nH]c(=O)c1c2)cc3c4=O)cc5)cc6C(F)(F)F)cc7)c%10cc(Oc9ccc(c8ccccc8)cc9C(F)(F)F)ccc%10%11,1
CC%12(C)CC8(CC(C)(C)c7ccc(Oc6ccc(c5ccc(n4c(=O)c3ccc(C(c2ccc1c(=O)[nH]c(=O)c1c2)(C(F)(F)F)C(F)(F)F)cc3c4=O)cc5)cc6C(F)(F)F)cc78)c%11cc(Oc%10ccc(c9ccccc9)cc%10C(F)(F)F)ccc%11%12,0
CC%12(C)CC8(CC(C)(C)c7ccc(Oc6ccc(c5ccc(n4c(=O)c3ccc(Oc2ccc1c(=O)[nH]c(=O)c1c2)cc3c4=O)cc5)cc6C(F)(F)F)cc78)c%11cc(Oc%10ccc(c9ccccc9)cc%10C(F)(F)F)ccc%11%12,0
CC(=O)OCC2CC(O)C(OC(C)=O)C(OC1C(COC(C)=O)OC(O)C(OC(C)=O)C1O)O2,1
CC(=O)c6cc(C(c1ccc4c(c1)c(=O)n5c3cc2[nH]cnc2cc3nc45)(C(F)(F)F)C(F)(F)F)ccc6C,0
CC(C(C=C1)=CC=C1/C=C(C(/C(C2=CC=C([Si](C)(C)C)C=C2)=C/C3=CC=CC=C3)=O)\C4=CC=CC=C4)(C)C,0
CC(C(C=C1)=CC=C1/C=C\C2=CC=CC=C2)(C)C,0
CC(C(C=C1)=CC=C1/C=C\C2=CC=CC=C2)C,0
CC(C(C=C1)=CC=C1C(C=C2)=CC=C2/C=C\C3=CC=CC=C3)(C)C,0
CC(C)(C)C(C=C1)=CC=C1CN2C(C3=CC(C(C)(C)C)=CC=C3)=NC(C2=C4)=CC=C4C5=CC6=C(C=C5)N(CC7=CC=C(C(C)(C)C)C=C7)C=N6,1
CC(C)(C)C(C=C1)=CC=C1CN2C(C3=CC=CC=C3)=NC(C2=C4)=CC=C4C5=CC6=C(C=C5)N(CC7=CC=C(C(C)(C)C)C=C7)C=N6,1
CC(C)(C)C1=CC=CC(C(N2CCCC)=NC(C2=C3)=CC=C3C4=CC5=C(C=C4)N(CCCC)C=N5)=C1,1
CC(C)(C)C1=CC=CC(C(N2C[Si](C)(C)C)=NC(C2=C3)=CC=C3C4=CC5=C(C=C4)N(C[Si](C)(C)C)C=N5)=C1,1
CC(C)(C)CO[P+](=N)OCC(C)(C)C,0
CC(C)(C)OC(=O)CCC(=O)OC1CCCCC1,0
CC(C)(C)c2ccc(OP(=N)Oc1ccc(C(C)(C)C)cc1)cc2,0
CC(C)(C)c3cc(C=O)cc(C(=O)Nc2ccc(C(=O)c1ccc(N)cc1)cc2)c3,1
CC(C)(C)c3cc(C=O)cc(C(=O)Oc2c(Br)cc(C(C)(C)c1cc(Br)c(O)c(Br)c1)cc2Br)c3,1
CC(C)(C)c3cc(C=O)cc(C(=O)Oc2c(Br)cc(C(c1cc(Br)c(O)c(Br)c1)(C(F)(F)F)C(F)(F)F)cc2Br)c3,0
CC(C)(C)c3cc(C=O)cc(C(=O)Oc2ccc(C(c1ccc(O)cc1)(C(F)(F)F)C(F)(F)F)cc2)c3,0
CC(C)(C)c3cc(OP(Cl)=NP(=N)(Oc1cc(C(C)(C)C)cc(C(C)(C)C)c1)Oc2cc(C(C)(C)C)cc(C(C)(C)C)c2)cc(C(C)(C)C)c3,0
CC(C)(C)c3cccc(Oc2ccc(C(=O)c1ccc(O)cc1)cc2)c3,0
CC(C)(C)c4cc(Oc3ccc(C(=O)Nc2ccc(C(C)(C)c1ccc(N)cc1)cc2)cc3)c(C(C)(C)C)cc4Oc5ccc(C=O)cc5,1
CC(C)(C)c4cc(Oc3ccc(C(=O)Nc2ccc(C(c1ccc(N)cc1)(C(F)(F)F)C(F)(F)F)cc2)cc3)c(C(C)(C)C)cc4Oc5ccc(C=O)cc5,1
CC(C)(C)c5cc(C=O)cc(C(=O)Oc4c(Br)cc(C3(c1cc(Br)c(O)c(Br)c1)OC(=O)c2ccccc23)cc4Br)c5,1
CC(C)(C)c5cc(C=O)cc(C(=O)Oc4ccc(C3(c1ccc(O)cc1)OC(=O)c2ccccc23)cc4)c5,1
CC(C)(C)c8ccc(Oc2cc1c(=O)[nH]c(=O)c1cc2c6cc5c(=O)n(c4ccc(Oc3ccccc3)cc4)c(=O)c5cc6Oc7ccc(C(C)(C)C)cc7)cc8,1
CC(C)(c1cc(Br)c(O)c(Br)c1)c3cc(Br)c(OC(=O)c2cccc(C=O)c2)c(Br)c3,1
CC(C)(c1cc(Br)cc(Br)c1)c2cc(Br)c(OC(=O)O)c(Br)c2,1
CC(C)(c1cc(Cl)cc(Cl)c1)c2cc(Cl)c(OC(=O)O)c(Cl)c2,0
CC(C)(c1ccc(O)cc1)c2ccc(OCCCO)cc2,1
CC(C)(c1ccc(O)cc1)c3ccc(OC(=O)c2ccc(C(=O)O)cc2)cc3,0
CC(C)(c1ccc(O)cc1)c3ccc(OC(=O)c2cccc(C(=O)O)c2)cc3,1
CC(C)(c1ccc(O)cc1)c4ccc(Oc3ccc(S(=O)(=O)c2ccccc2)cc3)c(N(=O)=O)c4,1
CC(C)(c1ccc(O)cc1)c4ccc(Oc3ccc(S(=O)(=O)c2ccccc2)cc3)cc4,1
CC(C)(c1ccc(O)cc1)c5ccc(C(C)(C)c4ccc(Oc3ccc(S(=O)(=O)c2ccccc2)cc3)cc4)cc5,0
CC(C)(c1ccc(O)cc1)c5ccc(OC(=O)Oc4ccc(C(C)(C)c3ccc(OC(=O)c2ccc(C=O)cc2)cc3)cc4)cc5,1
CC(C)(c1ccc(O)cc1)c5ccc(Oc4c(F)c(F)c(COC(c3cccc(C(OCc2c(F)c(F)c(F)c(F)c2F)(C(F)(F)F)C(F)(F)F)c3)(C(F)(F)F)C(F)(F)F)c(F)c4F)cc5,0
CC(C)(c1ccc(O)cc1)c5ccc(Oc4ccc(S(=O)(=O)c2cccc3ccccc23)cc4)cc5,1
CC(C)(c1ccc(O)cc1)c5cccc(C(C)(C)c4ccc(Oc3ccc(S(=O)(=O)c2ccccc2)cc3)cc4)c5,1
CC(C)(c1ccc(O)cc1)c6ccc(OC(=O)c5ccc(C(=O)Oc4ccc(C(C)(C)c3ccc(OC(=O)c2cccc(C=O)c2)cc3)cc4)cc5)cc6,0
CC(C)(c1ccc(O)cc1)c6ccc(OC(=O)c5cccc(C(=O)Oc4ccc(C(C)(C)c3ccc(OC(=O)c2cccc(C=O)c2)cc3)cc4)c5)cc6,1
CC(C)(c1ccc(O)cc1)c9ccc(Oc8ccc(C(=O)c2ccc4c(c2)C(C)(C3CCCCC3)CC4(c6ccc(C(=O)c5ccccc5)cc6)C7CCCCC7)cc8)cc9,1
CC(C)(c1ccccc1)c2ccc(OC(=O)O)cc2,1
CC(C)(c1ccccc1)c5ccc(n4c(=O)c3cc2c(=O)[nH]c(=O)c2cc3c4=O)cc5,0
CC(C)(c1ccccc1)c6ccc(Oc5ccc(C(=O)c4ccc(c3ccc(C(=O)c2ccc(O)cc2)cc3)cc4)cc5)cc6,1
CC(C)(c1ccccc1)c6ccc(Oc5ccc(S(=O)(=O)c4ccc(c3ccc(S(=O)(=O)c2ccc(O)cc2)cc3)cc4)cc5)cc6,1
CC(C)(c1ccccc1)c6ccc(n5c(=O)c4ccc(C(c3ccc2c(=O)[nH]c(=O)c2c3)(C(F)(F)F)C(F)(F)F)cc4c5=O)cc6,0
CC(C)(c1ccccc1)c6cccc(n5c(=O)c4ccc(C(c3ccc2c(=O)[nH]c(=O)c2c3)(C(F)(F)F)C(F)(F)F)cc4c5=O)c6,1
CC(C)(c2ccc(Oc1ccccc1)cc2)c8ccc(Oc7ccc(n6c(=O)c5ccc(C(=O)c4ccc3c(=O)[nH]c(=O)c3c4)cc5c6=O)cc7)cc8,1
CC(C)(c2ccc(Oc1ccccc1)cc2)c8ccc(Oc7ccc(n6c(=O)c5ccc(Oc4ccc3c(=O)[nH]c(=O)c3c4)cc5c6=O)cc7)cc8,1
CC(C)(c2ccc(Oc1ccccc1)cc2)c8ccc(Oc7ccc(n6c(=O)c5ccc(c4ccc3c(=O)[nH]c(=O)c3c4)cc5c6=O)cc7)cc8,1
CC(C)(c3ccc(OC(=O)c2ccc1c(=O)[nH]c(=O)c1c2)cc3)c8ccc(OC(=O)c7ccc6c(=O)n(c5ccc(Cc4ccccc4)cc5)c(=O)c6c7)cc8,1
CC(C)(c3ccc(OC(=O)c2ccc1c(=O)[nH]c(=O)c1c2)cc3)c8ccc(OC(=O)c7ccc6c(=O)n(c5ccc(Oc4ccccc4)cc5)c(=O)c6c7)cc8,1
CC(C)(c3ccc(OC(=O)c2ccc1c(=O)[nH]c(=O)c1c2)cc3)c8ccc(OC(=O)c7ccc6c(=O)n(c5ccc(c4ccccc4)cc5)c(=O)c6c7)cc8,0
CC(C)(c3ccc(Oc2ccc(S(=O)(=O)c1ccccc1)cc2)cc3)c4cccc(O)c4,1
CC(C)(c3ccc(Oc2ccc1c(=O)[nH]c(=O)c1c2)cc3)c%15ccc(Oc%14ccc%13c(=O)n(c%12ccc(c%11ccc(Oc%10ccc(C8(c6ccc(Oc5ccc(c4ccccc4)cc5C(F)(F)F)cc6)c7ccccc7C(=O)N8c9ccccc9)cc%10)c(C(F)(F)F)c%11)cc%12)c(=O)c%13c%14)cc%15,0
CC(C)(c3ccc(Oc2ccc1c(=O)[nH]c(=O)c1c2)cc3)c%15ccc(Oc%14ccc%13c(=O)n(c%12ccc(c%11ccc(Oc%10ccc(C9(c6ccc(Oc5ccc(c4ccccc4)cc5C(F)(F)F)cc6)c7ccccc7c8ccccc89)cc%10)c(C(F)(F)F)c%11)cc%12)c(=O)c%13c%14)cc%15,0
CC(C)(c3ccc(Oc2ccc1c(=O)[nH]c(=O)c1c2)cc3)c7ccc(Oc6ccc5c(=O)n(c4ccccc4)c(=O)c5c6)cc7,1
CC(C)C,0
CC(C)C#N,0
CC(C)C(=O)OC(C)(C)C,0
CC(C)C(=O)OC(F)(F)C(F)(F)C(F)(F)C(F)(F)C(F)(F)C(F)(F)C(F)(F)F,0
CC(C)C(C)C,1
CC(C)CC(C)OC(=O)CCC(=O)OC(C)(C)C,0
CC(C)CC(C)OC(=O)CCC(=O)OC(C)C,0
CC(C)COP(=N)OCC(C)C,0
CC(C)OC(=O)CCC(=O)OC(C)(C)C,0
CC(C)[C@@]12C3=C(C=CC=C3)[C@@](C4=CC(OC(C=C(N=CC=N5)C5=C6)=C6O7)C7C=C24)(C(C)C)C8=C1C=CC=C8,1
CC(C)c1ccccc1,0
CC(C)c3cc(C(C)(C)c2ccc(OC(=O)c1cccc(C=O)c1)c(C(C)C)c2)ccc3O,1
CC(C/C=C\CCCc1ccccc1)c2ccccc2,0
CC(C1=C2C=C(O)C(O)=C1C(Br)CBr)(C)CC2(CC3(C)C)C4=C3C(C(Br)CBr)=C(OC(C(C#N)=CC=C5C#N)=C5O6)C6=C4,0
CC(C1=C2C=C(O)C(O)=C1C)(C)CC2(CC3(C)C)C4=C3C(C)=C(OC(C(C#N)=CC=C5C#N)=C5O6)C6=C4,0
CC(C1=C2C=C(O)C(O)=C1CBr)(C)CC2(CC3(C)C)C4=C3C(CBr)=C(OC(C(C#N)=CC=C5C#N)=C5O6)C6=C4,1
CC(C1=C2C=C(O)C(O)=C1CCSC3=CC=CC=C3)(C)CC2(CC4(C)C)C5=C4C(CCSC6=CC=CC=C6)=C(OC(C(C#N)=CC=C7C#N)=C7O8)C8=C5,1
CC(C1=C2C=C(OC(C3=C4C#N)=C(C#N)C5=C4OC6=CC(/C(C7=CC=CC=C7)=C(C8=CC=CC=C8)\C9=CC=CC=C9)=CC=C6O5)C(O3)=C1)(C)CC2(CC%10(C)C)C%11=C%10C=C(OC(C(C#N)=CC=C%12C#N)=C%12O%13)C%13=C%11,1
CC(C1=C2C=C(OC(C3=C4C#N)=C(C#N)C5=C4OC6=CC(C(OCCO)=O)=CC(O)=C6O5)C(O3)=C1)(C)CC2(CC7(C)C)C8=C7C=C(OC(C(C#N)=C(OC(C=C(C(OCCO)=O)C=C9O)=C9O%10)C%10=C%11C#N)=C%11O%12)C%12=C8,0
CC(C1=C2C=C(OC(C3=C4C#N)=C(C#N)C5=C4OC6=CC(C7=CC=C(OC(C=CC(C8=CC=CC=C8)=C9)=C9[C@]%10%11C%12=C(C=CC=C%12)C%13=C%11C=CC=C%13)C%10=C7)=CC=C6O5)C(O3)=C1)(C)CC2(CC%14(C)C)C%15=C%14C=C(OC(C(C#N)=C(O)C(O)=C%16C#N)=C%16O%17)C%17=C%15,1
CC(C1=C2C=C(OC(C3=C4C#N)=C(C#N)C5=C4OC6=CC=C(C(OCCOCCOCCOC(C7=CC=CC=C7)=O)=O)C=C6O5)C(O3)=C1)(C)CC2(CC8(C)C)C9=C8C=C(OC(C(C#N)=CC=C%10C#N)=C%10O%11)C%11=C9,0
CC(C1=C2C=C(OC(C3=C4C#N)=C(C#N)C5=C4OC6=CC=C(C7([C@H](C8)CC9CC8C[C@@H]7C9)C%10=CC=CC=C%10)C=C6O5)C(O3)=C1)(C)CC2(CC%11(C)C)C%12=C%11C=C(OC(C(C#N)=C(O)C(O)=C%13C#N)=C%13O%14)C%14=C%12,1
CC(C1=C2C=C3C(N=C(C=CC=C4)C4=N3)=C1)(C)CC2(CC5(C)C)C6=C5C=C(N=C(C=C(OC(C=CC(C7(C8=CC=C(O)C(O)=C8)C(C=CC=C9)=C9C%10=C7C=CC=C%10)=C%11)=C%11O%12)C%12=C%13)C%13=N%14)C%14=C6,1
CC(C1=C2C=CC=C1C)(C)CC2(CC3(C)C)C4=C3C(C)=C(OC(C(C#N)=CC=C5C#N)=C5O6)C6=C4,0
CC(C1=C2C=CC=C1C=C)(C)CC2(CC3(C)C)C4=C3C(C=C)=C(OC(C(C#N)=CC=C5C#N)=C5O6)C6=C4,1
CC(C1=C2C=CC=C1CBr)(C)CC2(CC3(C)C)C4=C3C(CBr)=C(OC(C(C#N)=CC=C5C#N)=C5O6)C6=C4,0
CC(C1=C2C=CC=C1CCSC3=CC=CC=C3)(C)CC2(CC4(C)C)C5=C4C(CCSC6=CC=CC=C6)=C(OC(C(C#N)=C7C(OC(C(O7)=C8)=CC9=C8C(CC%10(C)C)(CC9(C)C)C(C%10=C%11)=CC%12=C%11OC%13=C(O%12)C(C#N)=C(O)C(O)=C%13C#N)=C%14C#N)=C%14O%15)C%15=C5,1
CC(C1=CC=C2C(N=C(C3=CC=C(C(C4=CC=CC=C4)=O)C=C3)O2)=C1)(C)C5=CC(N=CO6)=C6C=C5,1
CC(CC(C)(C)CN)NC(=O)c1ccc(C=O)cc1,0
CC(CO)O,0
CC(Cl)Cl,1
CC(F)(F)C(F)(F)C(F)C(F)(F)F,0
CC(F)F,1
CC(O)C(=O)OC(C)C=O,1
CC(O)CCl,0
CC([Si](C(C)C)(C(C)C)C(C=C1)=CC=C1/C=C/C2=CC=CC=C2)C,0
CC([Si](C(C=C1)=CC=C1/C=C/C2=CC=CC=C2)(C(C)C)C(C)C)C,0
CC(c1ccccc1)(c2ccc(O)cc2)c4ccc(OC(=O)c3cccc(C=O)c3)cc4,1
CC(c1ccccc1)(c2ccc(O)cc2)c5ccc(Oc4ccc(S(=O)(=O)c3ccccc3)cc4)cc5,1
CC(c1ccccc1)(c2ccccc2)c3ccc(OC(=O)O)cc3,1
CC1(C)C(C)(C)C(C)(C)C(C1=C2)=CC=C2/C=C\C3=CC=CC=C3,0
CC1(C)C2=C(C=CC(Br)=C2)C3=C1C=C(C=C3)/C=C\C4=CC=CC=C4,0
CC1(C)C2=C(C=CC([Si](C)(C)C)=C2)C3=C1C=C(C=C3)/C=C\C4=CC=CC=C4,0
CC1(C)C2=C(C=CC=C2)C(C1=C3)=CC=C3/C=C\C4=CC=C([Si](C)(C)C)C=C4,0
CC1(C)C2=C(C=CC=C2)C(C1=C3)=CC=C3/C=C\C4=CC=CC=C4,0
CC1(C)C2=C(C=CC=C2)C3=C1C=C(C=C3)/C=C\C4=CC(F)=C(F)C=C4,0
CC1(C)C2=C(C=CC=C2)C3=C1C=C(C=C3)/C=C\C4=CC(F)=CC(F)=C4,0
CC1(C)C2=C(C=CC=C2)C3=C1C=C(C=C3)/C=C\C4=CC(F)=CC=C4,0
CC1(C)C2=C(C=CC=C2)C3=C1C=C(C=C3)/C=C\C4=CC=C(Br)C=C4,0
CC1(C)C2=C(C=CC=C2)C3=C1C=C(C=C3)/C=C\C4=CC=C(C(C)(C)C)C=C4,0
CC1(C)C2=C(C=CC=C2)C3=C1C=C(C=C3)/C=C\C4=CC=C(F)C=C4,0
CC1(C)C2=C(C=CC=C2)C3=C1C=C(C=C3)/C=C\C4=CC=C([Si](C)(C)C)C=C4,0
CC1(C)C2=C(C=CC=C2)C3=C1C=C(C=C3)/C=C\C4=CC=CC=C4,0
CC1(C)CC(C)(C)C(C1=C2)=CC=C2/C=C\C3=CC(F)=C(F)C=C3,0
CC1(C)CC(C)(C)C(C1=C2)=CC=C2/C=C\C3=CC(F)=CC(F)=C3,0
CC1(C)CC(C)(C)C(C1=C2)=CC=C2/C=C\C3=CC(F)=CC=C3,0
CC1(C)CC(C)(C)C(C1=C2)=CC=C2/C=C\C3=CC=C(Br)C=C3,0
CC1(C)CC(C)(C)C(C1=C2)=CC=C2/C=C\C3=CC=C(C)C=C3,0
CC1(C)CC(C)(C)C(C1=C2)=CC=C2/C=C\C3=CC=C(F)C=C3,0
CC1(C)CC(C)(C)C(C1=C2)=CC=C2/C=C\C3=CC=CC=C3,0
CC1(C)CC(C2=C3C=C(CNCN4C)C4=C2)(CC3(C)C)C5=C1C=CC=C5,0
CC1(C)CC2(CC(C)(C)C3=C2C=C4C(OC(C(C(O)=O)=CC=C5C(O)=O)=C5O4)=C3)C6=CC(O)=C(O)C=C61,0
CC1(C2=CC=CC=C2C3(C)CC1)C4=C3C=C(CNCN5C)C5=C4,0
CC1(CC2)C3=C(C=C(C=C(CNCN4C)C4=C5)C5=C3)C2(C)C6=CC7=C(C=C8C(CNCN8C)=C7)C=C61,1
CC1=CC(Cl)=C(C=C1Cl)C,1
CC1=CC=C(C=C1)C,1
CC1=CC=C(C=C1C#N)C,0
CC1=CC=C(C=C1C)C,0
CC1=CC=C(C=C1CC)C,0
CC1=CC=C(C=C1Cl)C,0
CC1=CC=CC(C2([C@H](C3)CC4CC3C[C@@H]2C4)C5=CC(C)=C6C(CNCN6C)=C5)=C1,0
CC5(C)CC(C)(c1ccc(C=O)cc1)c4ccc(C(=O)Nc2cccc3c(N)cccc23)cc45,1
CC5(C)CC(C)(c1ccc(C=O)cc1)c4ccc(C(=O)Nc3ccc(C(c2ccc(N)cc2)(C(F)(F)F)C(F)(F)F)cc3)cc45,1
CC5(C)CC(C)(c1ccc(C=O)cc1)c4ccc(C(=O)Nc3ccc(Oc2ccc(N)cc2)cc3)cc45,1
CC5(C)CC(C)(c1ccc(C=O)cc1)c4ccc(C(=O)Nc3ccc(c2ccc(N)cc2C(F)(F)F)c(C(F)(F)F)c3)cc45,1
CC5(C)CC(C)(c1ccc(C=O)cc1)c4ccc(C(=O)Nc3cccc(S(=O)(=O)c2cccc(N)c2)c3)cc45,1
CC7(C)CC(C)(c1ccc(C=O)cc1)c6ccc(C(=O)Nc5ccc(Oc4ccc(C(C)(C)c3ccc(Oc2ccc(N)cc2)cc3)cc4)cc5)cc67,1
CC9(C1CCCCC1)CC(c3ccc(C(=O)c2ccccc2)cc3)(C4CCCCC4)c8ccc(C(=O)c7ccc(Oc6ccc(C(=O)c5ccc(O)cc5)cc6)cc7)cc89,1
CC9(C1CCCCC1)CC(c3ccc(C(=O)c2ccccc2)cc3)(C4CCCCC4)c8ccc(C(=O)c7ccc(Oc6ccc(C(c5ccc(O)cc5)(C(F)(F)F)C(F)(F)F)cc6)cc7)cc89,1
CC9(C1CCCCC1)CC(c3ccc(C(=O)c2ccccc2)cc3)(C4CCCCC4)c8ccc(C(=O)c7ccc(Oc6ccc(Oc5ccc(O)cc5)cc6)cc7)cc89,0
CC9(C1CCCCC1)CC(c3ccc(C(=O)c2ccccc2)cc3)(C4CCCCC4)c8ccc(C(=O)c7ccc(Oc6ccc(S(=O)(=O)c5ccc(O)cc5)cc6)cc7)cc89,1
CC9(C1CCCCC1)CC(c3ccc(C(=O)c2ccccc2)cc3)(C4CCCCC4)c8ccc(C(=O)c7ccc(Oc6ccc(Sc5ccc(O)cc5)cc6)cc7)cc89,1
CC9(C1CCCCC1)CC(c3ccc(C(=O)c2ccccc2)cc3)(C4CCCCC4)c8ccc(C(=O)c7ccc(Oc6ccc(c5ccc(O)cc5)cc6)cc7)cc89,0
CC=CCC(C)(C)C,1
CCC,1
CCC(=O)OC(F)(F)C(F)(F)C(F)(F)C(F)(F)C(F)(F)C(F)(F)C(F)(F)F,0
CCC(C)OC(=O)CCC(=O)OC(C)(C)C,0
CCC(C)OC(=O)CCC(=O)OC(C)C,0
CCC(C)OP(=N)OC(C)CC,0
CCC(F)(Cl)C(F)F,0
CCC(F)(F)C(F)F,0
CCC1CC2CCC1C2,0
CCCC,0
CCCC(C)C,0
CCCCC,0
CCCCC(C=C1)=CC=C1/C=C\C2=CC=CC=C2,0
CCCCCC(=O)O,1
CCCCCCCCCCCCCCOC(=O)CC,0
CCCCCCCCCCCCc1ccsc1,0
CCCCCCCCCCOC(=O)CC,0
CCCCCCCC[Si](O)(C)O,0
CCCCCC[Si](O)(C)O,0
CCCCN1C=NC2=C1C=CC(C3=CC=C(N=C(C4=CC=CC=C4)N5CCCC)C5=C3)=C2,1
CCCCOC(C)=O,0
CCCCOP(=N)OCCCC,0
CCC[C@]1(C2=CC(OC(C=C(N=CC=N3)C3=C4)=C4O5)C5C=C62)C(C=CC=C7)=C7[C@]6(CCC)C8=C1C=CC=C8,1
CCC[Si](O)(C)O,0
CCCl,0
CCOC(=O)C(C)C,1
CCOC(=O)C1CCCCC1,0
CCOC(=O)CC,1
CCOC(=O)c1ccc(C)cc1,0
CCOC(=O)c1cccc(C)c1,1
CCOC(=O)c1ccccc1,0
CCOC(=O)c1ccccc1C,1
CCOC(C)=O,1
CCOC1CC2CC1C3CCCC23,0
CCOC1CC2CCC1C2,1
CCOC1CCCCC1,0
CCOC2C1CC3CC(C1)CC2C3,0
CCOCC1CC2CC1C3CCCC23,1
CCOCC1CCCCC1,0
CCOCC1OC(O)C(OCC)C(O)C1O,1
CCOCc1ccccc1,0
CCONc1ccccc1,0
CC[Si](C)(C)C,0
CC[Si](C)(C)c1ccccc1,1
CC[Si](O)(C)O,0
CCc1ccc(Br)cc1,1
CCc1ccc(C(C)(C)C)cc1,0
CCc1ccc(C([Si](C)(C)C)[Si](C)(C)C)cc1,0
CCc1ccc(C)cc1,0
CCc1ccc(C[Si](C)(C)C)cc1,1
CCc1ccc(Cl)cc1,0
CCc1ccc(F)cc1,0
CCc1ccc(O)cc1,1
CCc1ccc(OC(C)=O)cc1,1
CCc1ccc(OC)cc1,1
CCc1ccc([Si](C)(C)C)cc1,0
CCc1ccc([Si](C)(C)CCC(F)(F)F)cc1,1
CCc1ccccc1,1
CCc1ccncc1,1
CCn7c1ccccc1c6cc(n5c(=O)c4ccc(C(c3ccc2c(=O)[nH]c(=O)c2c3)(C(F)(F)F)C(F)(F)F)cc4c5=O)ccc67,0
CN1C2=CC3=C(C=C2CNC1)[C@@H]4C5=C(C=C6C(N7CC(C(N(C7)C6)=C8)=CC9=C8[C@H]%10C(C=CC=C%11)=C%11[C@@H]9C%12=C%10C=CC=C%12)=C5)[C@H]3C%13=C4C=C(C(O)=O)C=C%13,0
CN1C=NC2=C1C=CC(C3=CC=C(N=C(C4=CC(C(C)(C)C)=CC=C4)N5C)C5=C3)=C2,1
CN1C=NC2=C1C=CC(C3=CC=C(N=C(C4=CC=CC=C4)N5C)C5=C3)=C2,1
CN1CNC[C@@H]2C=C3[C@@H]4C5=C(C=CC=C5)[C@H](C3=C[C@@H]21)C6=C4C=CC=C6,0
COC(=O)C(C)C,1
COC(=O)CC,1
COC(=O)CCC(=O)OC(C)C,0
COC(c1ccccc1S(=O)(=O)c4ccc(Oc3c(C)cc(C(c2cc(C)c(O)c(C)c2)(C(F)(F)F)C(F)(F)F)cc3C)cc4C(OC)(C(F)(F)F)C(F)(F)F)(C(F)(F)F)C(F)(F)F,0
COC(c4cc(C(C)(C)c3ccc(C(OC)(C(F)(F)F)C(F)(F)F)c(Oc2ccc(S(=O)(=O)c1ccccc1)cc2)c3)ccc4O)(C(F)(F)F)C(F)(F)F,1
COC(c4cc(C(C)(C)c3ccc(Oc2ccc(S(=O)(=O)c1ccccc1)cc2)c(C(OC)(C(F)(F)F)C(F)(F)F)c3)ccc4O)(C(F)(F)F)C(F)(F)F,1
CONc1ccccc1,1
COc6cccc(c5ccc(n4c(=O)c3ccc([Si](C)(C)c2ccc1c(=O)[nH]c(=O)c1c2)cc3c4=O)c(OC)c5)c6,0
COc7ccc(N(c1ccccc1)c6ccc(n5c(=O)c4ccc(C(c3ccc2c(=O)[nH]c(=O)c2c3)(C(F)(F)F)C(F)(F)F)cc4c5=O)cc6)cc7,0
COc7cccc(c6ccc(n5c(=O)c4ccc(Oc1cc(C(C)(C)C)ccc1Oc3ccc2c(=O)[nH]c(=O)c2c3)cc4c5=O)c(OC)c6)c7,1
COc9ccc(N(c1ccc(OC)cc1)c8ccc(N(c2ccccc2)c7ccc(n6c(=O)c5ccc(C(c4ccc3c(=O)[nH]c(=O)c3c4)(C(F)(F)F)C(F)(F)F)cc5c6=O)cc7)cc8)cc9,1
CP(=N)c1ccccc1,0
CP(C)=N,1
CS(O)(O)CCC(F)(F)F,0
CS(O)(O)c1ccccc1,0
C[C@@]12C3=C(C=C(O)C(O)=C3)[C@@](C4=C2C=C5C(OC(C(C#N)=CC=C6C#N)=C6O5)=C4)(C)C7=C1C=C(C=C(C(C)(C)CCC8(C)C)C8=C9)C9=C7,0
C[C@@]12C3=C(C=C(O)C(O)=C3)[C@@](C4=C2C=C5C(OC(C(C#N)=CC=C6C#N)=C6O5)=C4)(C)C7=C1C=C(C=CC=C8)C8=C7,1
C[C@@]12C3=C(C=CC=C3)[C@@](C4=C2C=C5C(N(C)CNC5)=C4)(C)C6=C1C=C(C=C(C(C)(C)CCC7(C)C)C7=C8)C8=C6,0
C[Ge](C1=CC=CC=C1/C=C/C)(C)C,0
C[SiH](C)C,0
C[SiH](C1=CC=C([Si](C)(CC[Si](C)(CC)C)C)C=C1)C,0
C[Si](C(C=C1)=CC=C1/C=C/C2=CC(C(C=CC=C3)=C3C4)=C4C=C2)(C)C,0
C[Si](C(C=C1)=CC=C1/C=C\C2=CC=C(CCC3)C3=C2)(C)C,0
C[Si](C(C=C1)=CC=C1/C=C\C2=CC=CC=C2)(C)C,0
C[Si](C(C=C1)=CC=C1C(C=C2)=CC=C2/C=C\C3=CC=CC=C3)(C)C,0
C[Si](C)(C(C)(C)C)OC(C=C1)=CC=C1/C=C\C2=CC=C(C(C)(C)C)C=C2,0
C[Si](C)(C(C)(C)C)OC(C=C1)=CC=C1/C=C\C2=CC=C([Si](C)(C)C)C=C2,0
C[Si](C)(C(C)(C)C)OC1=CC(/C=C\C2=CC=C(C(C)(C)C)C=C2)=CC=C1,0
C[Si](C)(C(C)(C)C)OC1=CC(/C=C\C2=CC=C([Si](C)(C)C)C=C2)=CC=C1,0
C[Si](C)(C(C=C1)=CC=C1/C=C/C2=CC=CC=C2)C,0
C[Si](C)(C)C(C=C1)=CC=C1/C=C\C2=CC=CC=C2,0
C[Si](C)(C)C1=CC(/C=C\C2=CC=CC=C2)=CC=C1,0
C[Si](C)(C)CN1C(C2=CC=CC=C2)=NC(C1=C3)=CC=C3C4=CC5=C(C=C4)N(C[Si](C)(C)C)C=N5,1
C[Si](C)(C)c4ccc(OP(=NP(=N)(Oc1ccccc1)Oc2ccc([Si](C)(C)C)cc2)Oc3ccc(Br)cc3)cc4,1
C[Si](C)(C)c8ccc7c(=O)n6c5ccc(Oc4ccc3nc2c1ccccc1c(=O)n2c3c4)cc5nc6c7c8,0
C[Si](C)(CCCCCCCC)C(C=C1)=CC=C1/C=C\C2=CC=C(C(C)(C)C)C=C2,0
C[Si](C)(CCCCCCCC)C(C=C1)=CC=C1/C=C\C2=CC=C(C(C)C)C=C2,0
C[Si](C)(CCCCCCCC)C(C=C1)=CC=C1/C=C\C2=CC=C(CCCC)C=C2,0
C[Si](C)(CCCCCCCC)C(C=C1)=CC=C1/C=C\C2=CC=CC=C2,0
C[Si](C)(c1ccc(C=O)cc1)c6ccc(C(=O)Oc5ccc(C4(c2ccc(OC=O)cc2)OC(=O)c3ccccc34)cc5)cc6,0
C[Si](C)(c1ccccc1)c6ccc(OP(=NP(=N)(Oc2ccccc2)Oc4ccc([Si](C)(C)c3ccccc3)cc4)Oc5ccc(Br)cc5)cc6,0
C[Si](C)(c2ccc1c(=O)[nH]c(=O)c1c2)c5ccc4c(=O)n(c3ccccc3)c(=O)c4c5,1
C[Si](C)(c2ccc1c(=O)[nH]c(=O)c1c2)c6ccc5c(=O)n(c4ccc(Oc3ccccc3)cc4)c(=O)c5c6,1
C[Si](C)(c2ccc1c(=O)[nH]c(=O)c1c2)c6ccc5c(=O)n(c4ccc(c3ccccc3)cc4)c(=O)c5c6,0
C[Si](CC(C=C1)=CC=C1/C=C\C2=CC=CC=C2)(C)C,0
C[Si](O)(C)O,0
C[Si](c1ccccc1)(c2ccccc2)c8ccc(OP(=NP(=N)(Oc3ccccc3)Oc6ccc([Si](C)(c4ccccc4)c5ccccc5)cc6)Oc7ccc(Br)cc7)cc8,0
Cc1cc(O)c(C(C)C)cc1C(c4cc(C(C)C)c(Oc3ccc(C(=O)c2ccccc2)cc3)cc4C)c5ccccc5C(=O)O,0
Cc1cc(O)c(C(C)C)cc1C(c4cc(C(C)C)c(Oc3ccc(S(=O)(=O)c2ccccc2)cc3)cc4C)c5ccccc5C(=O)O,1
Cc1cc(O)c(C(C)C)cc1C6(c4cc(C(C)C)c(Oc3ccc(S(=O)(=O)c2ccccc2)cc3)cc4C)OC(=O)c5ccccc56,1
Cc1ccc(C(C)(C)C)cc1Oc3ccc(C(=O)c2ccc(O)cc2)cc3,0
Cc1ccc(N(=O)=O)c(C)c1O,0
Cc1ccc7c(c1)c6c(C)cc(n5c(=O)c4ccc(c3ccc2c(=O)[nH]c(=O)c2c3)cc4c5=O)cc6S7(=O)=O,0
Cc1ccc7c(c1)c6cc(C)c(n5c(=O)c4ccc(C(c3ccc2c(=O)[nH]c(=O)c2c3)(C(F)(F)F)C(F)(F)F)cc4c5=O)cc6S7(=O)=O,0
Cc1ccc7c(c1)c6cc(C)c(n5c(=O)c4ccc(c3ccc2c(=O)[nH]c(=O)c2c3)cc4c5=O)cc6S7(=O)=O,1
Cc1cccc(C)c1O,0
Cc1cccc(CBr)c1O,1
Cc1cccc([Si](C)(C)C)c1O,1
Cc1cccc7c1c6c(C)cc(n5c(=O)c4ccc(C(c3ccc2c(=O)[nH]c(=O)c2c3)(C(F)(F)F)C(F)(F)F)cc4c5=O)cc6S7(=O)=O,0
Cc1cccc7c1c6c(C)cc(n5c(=O)c4ccc(S(=O)(=O)c3ccc2c(=O)[nH]c(=O)c2c3)cc4c5=O)cc6S7(=O)=O,1
Cc1cccc7c1c6c(C)cc(n5c(=O)c4ccc(c3ccc2c(=O)[nH]c(=O)c2c3)cc4c5=O)cc6S7(=O)=O,0
Cc1cccc8c1c7c(C)cc(n3c(=O)c2cc6c(cc2c3=O)S(=O)(=O)c5cc4c(=O)[nH]c(=O)c4cc5S6(=O)=O)cc7S8(=O)=O,1
Cc1ccccc1c7cc(C)c(c6cc(n5c(=O)c4ccc(C(c3ccc2c(=O)[nH]c(=O)c2c3)(C(F)(F)F)C(F)(F)F)cc4c5=O)ccc6C)cc7C,1
Cc1ccccc1c7cc(C)c(c6ccc(n5c(=O)c4ccc(C(c3ccc2c(=O)[nH]c(=O)c2c3)(C(F)(F)F)C(F)(F)F)cc4c5=O)cc6C)cc7C,1
Cc1ccccc1c7cc(C)c(c6cccc(n5c(=O)c4ccc(C(c3ccc2c(=O)[nH]c(=O)c2c3)(C(F)(F)F)C(F)(F)F)cc4c5=O)c6C)cc7C,1
Cc1ccccc1n5c(=O)c4ccc(C(c3ccc2c(=O)[nH]c(=O)c2c3)(C(F)(F)F)C(F)(F)F)cc4c5=O,0
Cc2cc(C)cc(C(C(F)(F)(F))(C(F)(F)(F))c1cc(C)c(OC(=O)O)c(C)c1)c2,0
Cc2cc(C)cc(C(C)(C)c1cc(C)c(OC(=O)O)c(C)c1)c2,0
Cc2ccc(C(=O)c1ccc(Br)cc1)c(C)c2O,0
Cc2ccc(C(=O)c1ccc(C)c(O)c1C)cc2,0
Cc2ccc(C(=O)c1ccc(Cl)cc1)c(C)c2O,0
Cc2ccc(C(=O)c1ccc(N(=O)=O)cc1)c(C)c2O,0
Cc2ccc(C(=O)c1ccccc1)c(C)c2O,0
Cc3c(c2ccc(Cc1ccccc1)cc2)cccc3n7c(=O)c6ccc(C(=O)c5ccc4c(=O)[nH]c(=O)c4c5)cc6c7=O,0
Cc3cc(C(C)(C)c2cc(C)c(OC(=O)c1cc(C=O)cc(C(C)(C)C)c1)c(Br)c2)cc(Br)c3O,0
Cc3cc(C(C)(C)c2cc(C)c(OC(=O)c1cc(C=O)cc(C(C)(C)C)c1)c(C)c2)cc(C)c3O,0
Cc3cc(C(C)(C)c2cc(C)c(OC(=O)c1ccc(C(=O)O)cc1)c(C)c2)cc(C)c3O,0
Cc3cc(C(C)(C)c2cc(C)c(OC(=O)c1cccc(C(=O)O)c1)c(C)c2)cc(C)c3O,1
Cc3cc(C(C)(C)c2cc(C)c(OC(=O)c1cccc(C=O)c1)c(Br)c2)cc(Br)c3O,1
Cc3cc(C(C)(C)c2cc(C)c(OC(=O)c1cccc(C=O)c1)c(C)c2)cc(C)c3O,0
Cc3cc(C(C)(C)c2ccc(OC(=O)c1cc(C=O)cc(C(C)(C)C)c1)c(C)c2)ccc3O,0
Cc3cc(C(C)(C)c2ccc(OC(=O)c1ccc(C(=O)O)cc1)c(C)c2)ccc3O,1
Cc3cc(C(C)(C)c2ccc(OC(=O)c1cccc(C(=O)O)c1)c(C)c2)ccc3O,1
Cc3cc(C(C)(C)c2ccc(OC(=O)c1cccc(C=O)c1)c(C)c2)ccc3O,0
Cc3cc(C)cc(C(C)(C)c2cc(C)c(OC(=O)c1cc(C(=O)O)cc(C(C)(C)C)c1)c(C)c2)c3,0
Cc3cc(C)cc(c1cc(O)ccc1Oc2ccccc2C#N)c3,0
Cc3cccc(c1cc(O)ccc1Oc2ccccc2C#N)c3,1
Cc4cc(C(C)(C)c3cc(C)c(Oc2ccc(S(=O)(=O)c1ccccc1)cc2)c(C)c3)cc(C)c4O,0
Cc4cc(C(C)(C)c3cc(C)c(Oc2ccc(S(=O)(=O)c1ccccc1C(O)(C(F)(F)F)C(F)(F)F)c(C(O)(C(F)(F)F)C(F)(F)F)c2)c(C)c3)cc(C)c4O,0
Cc4cc(C(C)(C)c3ccc(Oc2ccc(S(=O)(=O)c1ccccc1)cc2)c(C)c3)ccc4O,1
Cc4cc(C(c3cc(C)c(Oc2ccc(S(=O)(=O)c1ccccc1)cc2)c(C)c3)(C(F)(F)F)C(F)(F)F)cc(C)c4O,0
Cc4cc(C)c(n3c(=O)c2cc1c(=O)[nH]c(=O)c1cc2c3=O)c(C)c4,0
Cc4cc(C)cc(c1cc(O)ccc1Oc3ccc(C(=O)c2ccccc2)cc3)c4,1
Cc4cc(Cc3cc(C)c(Oc2ccc(S(=O)(=O)c1ccccc1)cc2)c(C)c3)cc(C)c4O,1
Cc4cc(c3cc(C)c(Oc2ccc(S(=O)(=O)c1ccccc1)cc2)c(C)c3C)c(C)c(C)c4O,0
Cc4cccc([Si](c1ccccc1)(c2ccccc2)c3ccccc3)c4O,0
Cc4cccc(c1cc(O)ccc1Oc3ccc(C(=O)c2ccccc2)cc3)c4,1
Cc5c(C)c(C)c(n4c(=O)c3ccc(C(c2ccc1c(=O)[nH]c(=O)c1c2)(C(F)(F)F)C(F)(F)F)cc3c4=O)c(C)c5C,0
Cc5cc(C(C)(C)c4cc(C)c(NC(=O)c3ccc(Oc2cc(C(C)(C)C)c(Oc1ccc(C=O)cc1)cc2C(C)(C)C)cc3)c(C)c4)cc(C)c5N,1
Cc5cc(C(C)(C)c4ccc(C(C)(C)c3cc(C)c(Oc2ccc(S(=O)(=O)c1ccccc1)cc2)c(C)c3)cc4)cc(C)c5O,1
Cc5cc(C(C)(C)c4ccc(NC(=O)c3ccc(Oc2cc(C(C)(C)C)c(Oc1ccc(C=O)cc1)cc2C(C)(C)C)cc3)c(C)c4)ccc5N,1
Cc5cc(C(C)(C)c4cccc(C(C)(C)c3cc(C)c(Oc2ccc(S(=O)(=O)c1ccccc1)cc2)c(C)c3)c4)cc(C)c5O,1
Cc5cc(C(c3ccc(Oc2ccc(S(=O)(=O)c1ccccc1)cc2)c(C)c3)C4CCCCC4)ccc5O,1
Cc5cc(C)c(C)c(n4c(=O)c3ccc(C(c2ccc1c(=O)[nH]c(=O)c1c2)(C(F)(F)F)C(F)(F)F)cc3c4=O)c5C,0
Cc5cc(C)c(n4c(=O)c3ccc(C(=O)c2ccc1c(=O)[nH]c(=O)c1c2)cc3c4=O)c6c5CCC6(C)C,0
Cc5cc(C)c(n4c(=O)c3ccc(C(c2ccc1c(=O)[nH]c(=O)c1c2)(C(F)(F)F)C(F)(F)F)cc3c4=O)c(C)c5,0
Cc5cc(C)c(n4c(=O)c3ccc(C(c2ccc1c(=O)[nH]c(=O)c1c2)(C(F)(F)F)C(F)(F)F)cc3c4=O)c(C)c5C,0
Cc5cc(C)c(n4c(=O)c3ccc(C(c2ccc1c(=O)[nH]c(=O)c1c2)(C(F)(F)F)C(F)(F)F)cc3c4=O)c6c5CCC6(C)C,0
Cc5cc(C)c(n4c(=O)c3ccc(C(c2ccc1c(=O)[nH]c(=O)c1c2)(C(F)(F)F)C(F)(F)F)cc3c4=O)cc5C,0
Cc5cc(C)c(n4c(=O)c3ccc(Oc2ccc1c(=O)[nH]c(=O)c1c2)cc3c4=O)c6c5CCC6(C)C,0
Cc5cc(C)c(n4c(=O)c3ccc(S(=O)(=O)c2ccc1c(=O)[nH]c(=O)c1c2)cc3c4=O)c(C)c5,0
Cc5cc(C)c(n4c(=O)c3ccc(Sc2ccc1c(=O)[nH]c(=O)c1c2)cc3c4=O)c(C)c5,0
Cc5cc(C)c(n4c(=O)c3ccc(c2ccc1c(=O)[nH]c(=O)c1c2)cc3c4=O)c(C)c5,1
Cc5cc(C)c(n4c(=O)c3ccc(c2ccc1c(=O)[nH]c(=O)c1c2)cc3c4=O)c(C)c5C,0
Cc5cc(C)c(n4c(=O)c3ccc(c2ccc1c(=O)[nH]c(=O)c1c2)cc3c4=O)c6c5CCC6(C)C,0
Cc5cc(C)cc(Cc4cc(C)c(n3c(=O)c2cc1c(=O)[nH]c(=O)c1cc2c3=O)c(C)c4)c5,0
Cc5cc(C4(c2ccc(OC(=O)c1ccc(C(=O)O)cc1)c(C)c2)OC(=O)c3ccccc34)ccc5O,1
Cc5cc(Cc4cc(C)c(NC(=O)c3ccc(Oc2cc(C(C)(C)C)c(Oc1ccc(C=O)cc1)cc2C(C)(C)C)cc3)c(C(C)C)c4)cc(C(C)C)c5N,1
Cc5cc(Oc4ccc3c(=O)n(c2ccc(C(c1ccccc1)(C(F)(F)F)C(F)(F)F)cc2)c(=O)c3c4)c(C)c(C)c5Oc7ccc6c(=O)[nH]c(=O)c6c7,1
Cc5ccc(n4c(=O)c3ccc(C(c2ccc1c(=O)[nH]c(=O)c1c2)(C(F)(F)F)C(F)(F)F)cc3c4=O)cc5,0
Cc5cccc(n4c(=O)c3ccc(C(c2ccc1c(=O)[nH]c(=O)c1c2)(C(F)(F)F)C(F)(F)F)cc3c4=O)c5,0
Cc5cccc(n4c(=O)c3ccc(C(c2ccc1c(=O)[nH]c(=O)c1c2)(C(F)(F)F)C(F)(F)F)cc3c4=O)c5C,0
Cc6cc(C)c(C)c(n5c(=O)c4ccc(Oc3cc(C)c(Oc2ccc1c(=O)[nH]c(=O)c1c2)c(C)c3C)cc4c5=O)c6C,1
Cc6cc(C)c(n5c(=O)c4ccc(Oc3ccc(Oc2ccc1c(=O)[nH]c(=O)c1c2)cc3)cc4c5=O)c(C)c6,0
Cc6cc(C)cc(C(C)(C)c5cc(C)c(c4ccc3cc(Oc2ccc(S(=O)(=O)c1ccc(O)cc1)cc2)ccc3c4)c(C)c5)c6,1
Cc6cc(C)cc(C(c5cc(C)c(c4ccc3cc(Oc2ccc(S(=O)(=O)c1ccc(O)cc1)cc2)ccc3c4)c(C)c5)(C(F)(F)F)C(F)(F)F)c6,1
Cc6cc(C)cc(Cc5cc(C)c(n4c(=O)c3ccc(C(c2ccc1c(=O)[nH]c(=O)c1c2)(C(F)(F)F)C(F)(F)F)cc3c4=O)c(C)c5)c6,0
Cc6cc(C)cc(Cc5cc(C)c(n4c(=O)c3ccc(c2ccc1c(=O)[nH]c(=O)c1c2)cc3c4=O)c(C)c5)c6,1
Cc6cc(C)cc(c5cc(C)c(Oc4ccc(C(=O)c1ccccc1c2ccccc2C(=O)c3ccc(O)cc3)cc4)c(C)c5)c6,1
Cc6cc(C5(c3cc(C)c(Oc2ccc(S(=O)(=O)c1ccccc1)cc2)cc3C)OC(=O)c4ccccc45)c(C)cc6O,1
Cc6cc(C5(c3ccc(Oc2ccc(S(=O)(=O)c1ccccc1)cc2)c(C)c3)OC(=O)c4ccccc45)ccc6O,1
Cc6ccc(C)c(n5c(=O)c4ccc(Oc3cc(C)c(Oc2ccc1c(=O)[nH]c(=O)c1c2)c(C)c3C)cc4c5=O)c6C,1
Cc6cccc(Cc5ccc(n4c(=O)c3ccc(C(c2ccc1c(=O)[nH]c(=O)c1c2)(C(F)(F)F)C(F)(F)F)cc3c4=O)c(C)c5)c6,1
Cc6cccc(Cc5ccc(n4c(=O)c3ccc(c2ccc1c(=O)[nH]c(=O)c1c2)cc3c4=O)c(C)c5)c6,1
Cc6cccc(c5ccc(n4c(=O)c3ccc([Si](C)(C)c2ccc1c(=O)[nH]c(=O)c1c2)cc3c4=O)c(C)c5)c6,1
Cc7cc(C)cc(c6cc(C)c(c5cc(C)c(n4c(=O)c3ccc(C(c2ccc1c(=O)[nH]c(=O)c1c2)(C(F)(F)F)C(F)(F)F)cc3c4=O)c(C)c5)cc6C)c7,0
Cc7cc(C)cc(c6cc(C)c(n2c(=O)c1cc5c(cc1c2=O)S(=O)(=O)c4cc3c(=O)[nH]c(=O)c3cc4S5(=O)=O)c(C)c6)c7,1
Cc7cc(C)cc(c6cc(C)c(n5c(=O)c4ccc(Oc3cc(C(C)(C)C)c(Oc2ccc1c(=O)[nH]c(=O)c1c2)cc3C(C)(C)C)cc4c5=O)c(C)c6)c7,0
Cc7cc(C)cc(c6cc(C)c(n5c(=O)c4ccc(Oc3cc(C)c(Oc2ccc1c(=O)[nH]c(=O)c1c2)c(C)c3C)cc4c5=O)c(C)c6)c7,1
Cc7cccc(c6cc(C)c(c5ccc(n4c(=O)c3ccc(C(c2ccc1c(=O)[nH]c(=O)c1c2)(C(F)(F)F)C(F)(F)F)cc3c4=O)c(C)c5)cc6C)c7,0
Cc8cc(C)cc(c7cc(C)c(n6c(=O)c5ccc(C(=O)Oc4ccc(C(c3ccc(OC(=O)c2ccc1c(=O)[nH]c(=O)c1c2)cc3)(C(F)(F)F)C(F)(F)F)cc4)cc5c6=O)c(C)c7)c8,0
Cc8cc(c5cc(C)c(n4c(=O)c3ccc(C(c2ccc1c(=O)[nH]c(=O)c1c2)(C(F)(F)F)C(F)(F)F)cc3c4=O)c6ccccc56)c7ccccc7c8,1
Cc8ccc(Oc2cc1c(=O)[nH]c(=O)c1cc2c6cc5c(=O)n(c4ccc(Oc3ccccc3)cc4)c(=O)c5cc6Oc7ccc(C)cc7)cc8,1
Cc8cccc(c7ccc(n6c(=O)c5ccc(C(=O)Oc4ccc(C(C)(C)c3ccc(OC(=O)c2ccc1c(=O)[nH]c(=O)c1c2)cc3)cc4)cc5c6=O)c(C)c7)c8,1
Cc9ccc8c(=O)n(c7cccc(n6c(=O)c5ccc(Oc1ccc4c(c1)C3(CC(C)(C)c2ccc(O)cc23)CC4(C)C)cc5c6=O)c7)c(=O)c8c9,1
Cl/C=C\C1=CC=C(C=C1)C,1
Cn1cccc1,0
FC(C(C1=C(F)C=CC(F)=C1F)=C2F)=C(F)C3C2OC4=CC5=C(C6(CC(C)(C)C7=C6C=C(O)C(O)=C7)CC5(C)C)C=C4O3,0
FC(C(C1=CC(N=C(C2=CC=CC=C2)O3)=C3C=C1)(C(F)(F)F)C(C=C4)=CC5=C4OC(C6=CC=CC=C6)=N5)(F)F,0
FC(C(C1=CC=C2C(N=C(C3=CC(C=CC=C4)=C4C=C3)O2)=C1)(C(F)(F)F)C5=CC(N=CO6)=C6C=C5)(F)F,1
FC(C(C1=CC=CC=C1)C2=CC=C(C3=CC=C(C4=CC=CC=C4)C=C3)C=C2)(F)F,1
FC(C(C1=CC=CC=C1)C2=CC=C(C3=CC=CC=C3)C=C2)(F)F,1
FC(C(C1=CC=CC=C1)C2=CC=C(OC3=CC=CC=C3)C=C2)(F)F,0
FC(C=C1)=CC=C1/C=C\C2=CC=C(O[Si](C)(C(C)(C)C)C)C=C2,0
FC(F)(F)C(C1=CC=C(C2=CC=CC=C2)C=C1)C(F)(F)F,0
FC(F)(F)C(C1=CC=CC=C1)(C(F)(F)F)C(C=C2)=CC=C2C3=NC(C=C4C5=CC(N=CN6[H])=C6C=C5)=C(C=C4)N3[H],1
FC(F)C(F)(F)C1(F)OC(C(F)(F)F)(C(F)(F)F)OC1F,0
FC(F)C(F)(F)C1(F)OC(F)(F)OC1OC(F)(F)F,0
FC(F)C(F)F,0
FC(F)C1(F)OC(F)(F)C(F)(F)C1(F)C(F)F,0
N#CC1=C2C(OC(C=C(C3(CC(C)(CC)C4=C3C=C(O)C(O)=C4)CC5(C)CC)C5=C6)=C6O2)=C(C#N)C=C1,0
N#CC1=CC=C(C#N)C2=C1OC3=CC(C(C4=C5C=C(OC(C(C#N)=C(OC(C=C(C6(C)C7=C(C8(C)CC6)C=C(O)C(O)=C7)C8=C9)=C9O%10)C%10=C%11C#N)=C%11O%12)C%12=C4)(CC5(C)C)CC%13(C)C)=C%13C=C3O2,0
N#CC1=CC=C(C#N)C2=C1OC3=CC(CN4CN5CC6=C4C=C(OC(C(C#N)=C(OC(C=C(C7(CC(C)(C)C8=C7C=C(O)C(O)=C8)CC9(C)C)C9=C%10)=C%10O%11)C%11=C%12C#N)=C%12O%13)C%13=C6)=C5C=C3O2,0
N#CC1=CC=C(C#N)C2=C1OC3=CC(OC(OC4=C5C=C(OC(C(C#N)=C(OC(C=C(C6(C)C7=C(C8(C)CC6)C=C(O)C(O)=C7)C8=C9)=C9O%10)C%10=C%11C#N)=C%11O%12)C%12=C4)(CC5(C)C)CC%13(C)C)=C%13C=C3O2,1
N#CC1=CC=C(C#N)C2=C1OC3=CC(OC(OC4=C5C=C(OC(C(C#N)=C(OC(C=C(C6(CC(C)(C)C7=C6C=C(O)C(O)=C7)CC8(C)C)C8=C9)=C9O%10)C%10=C%11C#N)=C%11O%12)C%12=C4)(CC5(C)C)CC%13(C)C)=C%13C=C3O2,1
N#CC1=CC=C(C#N)C2=C1OC3=CC(OC(OC4=C5C=C(OC(C(C#N)=C(OC(C=C(C6(CC(C)(C)C7=C6C=C(O)C(O)=C7Br)CC8(C)C)C8=C9Br)=C9O%10)C%10=C%11C#N)=C%11O%12)C%12=C4)(CC5(C)C)CC%13(C)C)=C%13C=C3O2,1
N#CC1=CC=C(C#N)C2=C1OC3=CC(OC(OC4=C5C=C(OC(C(C#N)=C(OC(C=C(C6(CC(C)(C)C7=C6C=C(O)C(O)=C7C)CC8(C)C)C8=C9C)=C9O%10)C%10=C%11C#N)=C%11O%12)C%12=C4)(CC5(C)C)CC%13(C)C)=C%13C=C3O2,0
N#CC1=CC=C(C#N)C2=C1OC3=CC(OC(OC4=C5C=C(OC(C(C#N)=C(OC(C=C(C6(CC(C)(CC)C7=C6C=C(O)C(O)=C7)CC8(C)CC)C8=C9)=C9O%10)C%10=C%11C#N)=C%11O%12)C%12=C4)(CC5(C)C)CC%13(C)C)=C%13C=C3O2,1
N#CC1=CC=C(C#N)C2=C1OC3=CC=C(C4=C(C5=CC=C(Br)C=C5)C(C6=CC=C(Br)C=C6)=C(C7=CC(O)=C(O)C=C7)C(C8=CC=C(Br)C=C8)=C4C9=CC=C(Br)C=C9)C=C3O2,1
N#CC1=CC=C(C#N)C2=C1OC3=CC=C(C4=C(C5=CC=C(C#N)C=C5)C(C6=CC=C(C#N)C=C6)=C(C7=CC(O)=C(O)C=C7)C(C8=CC=C(C#N)C=C8)=C4C9=CC=C(C#N)C=C9)C=C3O2,1
N#CC1=CC=C(C#N)C2=C1OC3=CC=C(C4=C(C5=CC=C(C)C=C5)C(C6=CC=C(C)C=C6)=C(C7=CC(O)=C(O)C=C7)C(C8=CC=C(C)C=C8)=C4C9=CC=C(C)C=C9)C=C3O2,1
N#CC1=CC=C(C#N)C2=C1OC3=CC=C(C4=C(C5=CC=CC=C5)C(C6=CC=CC=C6)=C(C7=CC(O)=C(O)C=C7)C(C8=CC=CC=C8)=C4C9=CC=CC=C9)C=C3O2,1
N#Cc1ccccc1Oc2ccc(O)cc2c3cc(C(F)(F)F)cc(C(F)(F)F)c3,0
N#Cc1ccccc1Oc2ccc(O)cc2c3cccc(C(F)(F)F)c3,1
N=P(N=P(OCC(F)(F)F)Oc1ccccc1)(Oc2ccccc2)Oc3ccccc3,0
N=P(OCC(F)(F)F)OC(F)(F)C(F)F,0
N=P(OCC(F)(F)F)OCC(F)(F)F,0
N=P(Oc1ccc(Br)cc1)Oc2ccc(Br)cc2,1
N=P(Oc1ccccc1)Oc2ccccc2,0
NCCCCCC=O,0
NCCCCCCCCCCC=O,1
NCCCCCCNC(=O)CCCCC=O,0
Nc1ccccc1,1
Nc2ccc(NC(=O)c1ccc(C=O)cc1)cc2,1
Nc3ccc(C(=O)c2ccc(NC(=O)c1cccc(C=O)c1)cc2)cc3,1
Nc3ccc(S(=O)(=O)c2ccc(NC(=O)c1cccc(C=O)c1)cc2)cc3,1
Nc3cccc(NC(=O)c2ccc(C(c1ccc(C=O)cc1)(C(F)(F)F)C(F)(F)F)cc2)c3,0
Nc4ccc(Cc3ccc(NC(=O)Cn2c(=O)c1ccc(C=O)cc1c2=O)cc3)cc4,0
Nc4ccc(S(=O)(=O)c3ccc(NC(=O)c2cc(C=O)cc(c1ccccc1)c2)cc3)cc4,1
Nc5ccc(Oc4ccc(Oc3ccc(NC(=O)Cn2c(=O)c1ccc(C=O)cc1c2=O)cc3)cc4)cc5,1
O=C%11c1ccccc1C(c4ccc(Oc3ccc(c2ccccc2)cc3C(F)(F)F)cc4)(c%10ccc(Oc9ccc(c8ccc(n7c(=O)c6cc5c(=O)[nH]c(=O)c5cc6c7=O)cc8)cc9C(F)(F)F)cc%10)N%11c%12ccccc%12,1
O=C%12c1ccccc1C(c4ccc(Oc3ccc(c2ccccc2)cc3C(F)(F)F)cc4)(c%11ccc(Oc%10ccc(c9ccc(n8c(=O)c7ccc(Oc6ccc5c(=O)[nH]c(=O)c5c6)cc7c8=O)cc9)cc%10C(F)(F)F)cc%11)N%12c%13ccccc%13,0
O=C(C1=CC=C(OC2=CC=CC=C2)C=C1)C(C=C3)=CC=C3OC4=CC=C(C(C(F)(F)F)C5=CC=CC=C5)C=C4,1
O=C(C1=CC=CC=C1)C(C=C2)=CC=C2C3=NC4=CC(C(C(F)(F)F)(C(F)(F)F)C5=CC(N=CO6)=C6C=C5)=CC=C4O3,0
O=C(N1)C2=C(C=C(OC(C=C(C3(CC(C)(C)C4=C3C=C5C(OC(C=C(C(N(C6=C(C)C(C)=CC(C)=C6C)C7=O)=O)C7=C8)=C8O5)=C4)CC9(C)C)C9=C%10)=C%10O%11)C%11=C2)C1=O,1
O=C(N1)C2=C(C=C(OC(C=C(C3(CC(C)(C)C4=C3C=C5C(OC(C=C(C(N(C6=C(C)C=CC(C(C7=CC=C(C)C=C7)(C(F)(F)F)C(F)(F)F)=C6)C8=O)=O)C8=C9)=C9O5)=C4)CC%10(C)C)C%10=C%11)=C%11O%12)C%12=C2)C1=O,1
O=C(N1)C2=C(C=C(OC(C=C(C3(CC(C)(C)C4=C3C=C5C(OC(C=C(C(N(C6=C(C=CC=C7)C7=C(C8=CC(C)=C([H])C9=C8C=CC=C9)C=C6C)C%10=O)=O)C%10=C%11)=C%11O5)=C4)CC%12(C)C)C%12=C%13)=C%13O%14)C%14=C2)C1=O,1
O=C(N1)C2=C(C=C(OC(C=C(C3(CC(C)(C)C4=C3C=C5C(OC(C=C(C(N(C6=CC(C(F)(F)F)=C(C7=CC=CC=C7C(F)(F)F)C=C6)C8=O)=O)C8=C9)=C9O5)=C4)CC%10(C)C)C%10=C%11)=C%11O%12)C%12=C2)C1=O,1
O=C(N1)C2=C(C=C(OC(C=C(C3(CC(C)(C)C4=C3C=C5C(OC(C=C(C(N(C6=CC=C(C(C7=CC=CC=C7)(C(F)(F)F)C(F)(F)F)C=C6)C8=O)=O)C8=C9)=C9O5)=C4)CC%10(C)C)C%10=C%11)=C%11O%12)C%12=C2)C1=O,1
O=C(Nc1ccccc1)C(F)(F)C(F)(F)C(F)(F)C(F)(F)C(=O)Nc6ccc(n5c(=O)c4ccc(C(c3ccc2c(=O)[nH]c(=O)c2c3)(C(F)(F)F)C(F)(F)F)cc4c5=O)cc6,0
O=C(Nc1ccccc1)C(F)(F)C(F)(F)C(F)(F)C(F)(F)C(=O)Nc6cccc(n5c(=O)c4ccc(C(c3ccc2c(=O)[nH]c(=O)c2c3)(C(F)(F)F)C(F)(F)F)cc4c5=O)c6,0
O=C(Nc1ccccc1)C(F)(F)C(F)(F)C(F)(F)C(F)(F)C(F)(F)C(F)(F)C(=O)Nc6ccc(n5c(=O)c4ccc(C(c3ccc2c(=O)[nH]c(=O)c2c3)(C(F)(F)F)C(F)(F)F)cc4c5=O)cc6,1
O=C(Nc1ccccc1)C(F)(F)C(F)(F)C(F)(F)C(F)(F)C(F)(F)C(F)(F)C(=O)Nc6cccc(n5c(=O)c4ccc(C(c3ccc2c(=O)[nH]c(=O)c2c3)(C(F)(F)F)C(F)(F)F)cc4c5=O)c6,0
O=C(Nc1ccccc1)c7ccc6c(=O)n(c5ccc(Oc4ccc(NC(=O)c3ccc2c(=O)[nH]c(=O)c2c3)cc4)cc5)c(=O)c6c7,1
O=C(O)Oc2ccc(/C(=C(Cl)/Cl)c1ccccc1)cc2,1
O=C(O)Oc5ccc(C4(c1ccccc1)c2ccccc2c3ccccc34)cc5,1
O=C(O)c1ccccc1C(c2ccc(O)cc2)c5ccc(Oc4ccc(C(=O)c3ccccc3)cc4)cc5,1
O=C(O)c5ccc(C(=O)Oc4ccc(C3(c1ccc(O)cc1)OC(=O)c2ccccc23)cc4)cc5,1
O=C(OCCC(F)(F)C(F)(F)C(F)(F)C(F)(F)C(F)(F)C(F)(F)F)c5cccc(n4c(=O)c3ccc(C(c2ccc1c(=O)[nH]c(=O)c1c2)(C(F)(F)F)C(F)(F)F)cc3c4=O)c5,1
O=C(Oc5ccc(C(c4ccc(OC(=O)c3ccc2c(=O)n(c1ccccc1)c(=O)c2c3)cc4)(C(F)(F)F)C(F)(F)F)cc5)c7ccc6c(=O)[nH]c(=O)c6c7,1
O=C(Oc6ccc(C(c5ccc(OC(=O)c1ccc3c(c1)c(=O)n4c2ccccc2nc34)cc5)(C(F)(F)F)C(F)(F)F)cc6)c7ccc9c(c7)c(=O)n%10c8ccccc8nc9%10,0
O=C(Oc6ccc(C(c5ccc(OC(=O)c4ccc3c(=O)n(c2ccc(Cc1ccccc1)cc2)c(=O)c3c4)cc5)(C(F)(F)F)C(F)(F)F)cc6)c8ccc7c(=O)[nH]c(=O)c7c8,1
O=C(Oc6ccc(C(c5ccc(OC(=O)c4ccc3c(=O)n(c2ccc(c1ccccc1)cc2)c(=O)c3c4)cc5)(C(F)(F)F)C(F)(F)F)cc6)c8ccc7c(=O)[nH]c(=O)c7c8,1
O=C(c1ccc(O)cc1)c2ccccc2c3ccccc3C(=O)c6ccc(Oc5ccc(C(c4ccccc4)(C(F)(F)F)C(F)(F)F)cc5)cc6,0
O=C(c1ccc(O)cc1)c3ccc(Oc2ccccc2)cc3,1
O=C(c1ccc(O)cc1)c6ccc(c5ccc(C(=O)c4ccc(Oc3ccc(S(=O)(=O)c2ccccc2)cc3)cc4)cc5)cc6,1
O=C(c1ccccc1)c4ccc(Oc2ccc(O)cc2c3cc(C(F)(F)F)cc(C(F)(F)F)c3)cc4,0
O=C(c1ccccc1)c4ccc(Oc2ccc(O)cc2c3cccc(C(F)(F)F)c3)cc4,1
O=C(c1ccccc1)c5ccc(n4nc(c2ccc(O)cc2)c3ccccc3c4=O)cc5,1
O=C(c2ccc1c(=O)[nH]c(=O)c1c2)c%13ccc%12c(=O)n(c%11ccc(c%10ccc(Oc9ccc(C8(c5ccc(Oc4ccc(c3ccccc3)cc4C(F)(F)F)cc5)c6ccccc6c7ccccc78)cc9)c(C(F)(F)F)c%10)cc%11)c(=O)c%12c%13,1
O=C(c2ccc1c(=O)[nH]c(=O)c1c2)c6ccc5c(=O)n(c4ccc(C(c3ccccc3)(C(F)(F)F)C(F)(F)F)cc4)c(=O)c5c6,1
O=C(c2ccc1c(=O)[nH]c(=O)c1c2)c6ccc5c(=O)n(c4ccc(Cc3ccccc3)cc4)c(=O)c5c6,1
O=C(c2ccc1c(=O)[nH]c(=O)c1c2)c6ccc5c(=O)n(c4ccc(Oc3ccccc3)cc4)c(=O)c5c6,1
O=C(c2ccc1c(=O)[nH]c(=O)c1c2)c6ccc5c(=O)n(c4cccc(C(c3ccccc3)(C(F)(F)F)C(F)(F)F)c4)c(=O)c5c6,1
O=C(c2ccc1c(=O)[nH]c(=O)c1c2)c7ccc6c(=O)n(c3ccc5c(c3)c(=O)c4ccccc45)c(=O)c6c7,1
O=C(c2ccc1c(=O)[nH]c(=O)c1c2)c7ccc6c(=O)n(c5ccc(N(c3ccccc3)c4ccccc4)cc5)c(=O)c6c7,1
O=C(c2ccc1c(=O)[nH]c(=O)c1c2)c8ccc7c(=O)n(c6ccc(Oc5ccc(C(c4ccc(Oc3ccccc3)cc4)(C(F)(F)F)C(F)(F)F)cc5)cc6)c(=O)c7c8,1
O=C(c2ccc1c(=O)[nH]c(=O)c1c2)c8ccc7c(=O)n(c6ccc(Oc5ccc(C(c4ccc(Oc3ccccc3C(F)(F)F)cc4)(C(F)(F)F)C(F)(F)F)cc5)c(C(F)(F)F)c6)c(=O)c7c8,1
O=C(c3ccc(Oc2ccc(C(c1ccccc1)(C(F)(F)F)C(F)(F)F)cc2)cc3)c4ccccc4c5ccccc5C(=O)c6ccc(O)c7ccccc67,0
O=C(c6ccc(Oc5cccc(C4(c1ccccc1)c2ccccc2c3ccccc34)c5)cc6)c7ccccc7c8ccccc8C(=O)c9ccc(O)c%10ccccc9%10,1
O=C1N(C2=CC=C(OC3=CC=C(N4C(C(C=C(C5=NC(C=CC(CC6=CC=C(N=COC7=O)C7=C6)=C8)=C8C(O5)=O)C=C9)=C9C4=O)=O)C=C3)C=C2)C(C%10=CC=CC=C%101)=O,1
O=C1N(C2=CC=C(OC3=CC=C(N4C(C(C=CC=C5)=C5C4=O)=O)C=C3)C=C2)C(C6=CC=C(C7=CC(C8=NC(C=C(C(C(F)(F)F)(C(F)(F)F)C9=CC(N=C(C%10=CC=CC=C%10)O%11)=C%11C=C9)C=C%12)=C%12O8)=CC=C7)C=C61)=O,1
O=C1N(C2=CC=C(OC3=CC=C(N4C(C(C=CC=C5)=C5C4=O)=O)C=C3)C=C2)C(C6=CC=CC=C61)=O,1
O=C1OC(C2=CC=CC=C2)(C3=CC=CC=C31)C4=CC=C(C)C=C4,1
O=C3C2CCC(/C=C\c1ccccc1)C2C(=O)N3C4CCCC4,0
O=C3C2CCC(/C=C\c1ccccc1)C2C(=O)N3C4CCCCC4,0
O=C5OC(c1ccc(O)cc1)(c4ccc(Oc3ccc(S(=O)(=O)c2ccccc2)cc3)cc4)c6ccccc56,1
O=C6CCC1(CCC(=O)N1c5ccc(Oc4c(F)c(F)c(COC(c3cccc(C(OCc2c(F)c(F)c(F)c(F)c2F)(C(F)(F)F)C(F)(F)F)c3)(C(F)(F)F)C(F)(F)F)c(F)c4F)cc5)N6c7ccc(O)cc7,0
O=C6CCc7nc5cc(Oc4ccc3nc2c1ccccc1c(=O)n2c3c4)ccc5n67,1
O=C6OC(c1ccc(O)cc1)(c5ccc(Oc4ccc(C(=O)c3ccc(C(=O)c2ccccc2)cc3)cc4)cc5)c7ccccc67,1
O=CN1C=NC2=C1C=C(N3C4=O)C(N=C3C5=CC=CC6=C5C4=CC=C6)=C2,1
O=Cc1ccc(C(=O)OCCO)cc1,1
O=Cc2ccc1cc(C(=O)OCCO)ccc1c2,1
O=Cc3cccc(C(=O)Oc2c(Br)cc(C(c1cc(Br)c(O)c(Br)c1)(C(F)(F)F)C(F)(F)F)cc2Br)c3,1
O=Cc3cccc(C(=O)Oc2ccc(C(c1ccc(O)cc1)(C(F)(F)F)C(F)(F)F)cc2)c3,0
O=Cc3cccc(C(=O)c2ccc(Oc1ccccc1)cc2)c3,1
O=Cc5cccc(C(=O)Oc4c(Br)cc(C3(c1cc(Br)c(O)c(Br)c1)OC(=O)c2ccccc23)cc4Br)c5,1
O=Cc5cccc(C(=O)Oc4ccc(C3(c1ccc(O)cc1)OC(=O)c2ccccc23)cc4)c5,1
O=Cc8ccc(C7(c5ccc(C(=O)c4ccc(Oc3ccc(C(=O)c2ccc(Oc1ccccc1)cc2)cc3)cc4)cc5)OC(=O)c6ccccc67)cc8,1
O=Cc9ccc(C8(c6ccc(C(=O)c5ccc(Oc4ccc(C(=O)c3ccc(C(=O)c2ccc(Oc1ccccc1)cc2)cc3)cc4)cc5)cc6)OC(=O)c7ccccc78)cc9,1
O=N(=O)OCC2OC(OC1C(CON(=O)=O)OC(O)C(ON(=O)=O)C1ON(=O)=O)C(ON(=O)=O)C(ON(=O)=O)C2O,1
O=S(=O)(Cl)CCCCCCl,0
O=S(=O)(O)C(F)(F)C(F)(F)OC(F)(C(F)(F)F)C(F)(F)OC(F)C(F)(F)C(F)(F)C(F)F,0
O=S(=O)(c1ccc(O)cc1)c6ccc(Oc5ccc4cc(c3ccc(C(c2ccccc2)(C(F)(F)F)C(F)(F)F)cc3)ccc4c5)cc6,1
O=S(=O)(c1ccccc1)c2ccc(O)cc2,1
O=S(=O)(c1ccccc1)c4ccc(Oc2cccc3c(O)cccc23)cc4,1
O=S(=O)(c1ccccc1)c4ccc(Oc3ccc(C(c2ccc(O)cc2)(C(F)(F)F)C(F)(F)F)cc3)cc4,0
O=S(=O)(c1ccccc1)c4ccc(Oc3ccc(Cc2ccc(O)cc2)cc3)cc4,1
O=S(=O)(c1ccccc1)c4ccc(Oc3ccc(Oc2ccc(O)cc2)cc3)cc4,1
O=S(=O)(c1ccccc1)c4ccc(Oc3ccc(c2ccc(O)cc2)cc3)cc4,1
O=S(=O)(c1ccccc1)c4ccc(Oc3ccc2cc(O)ccc2c3)cc4,1
O=S(=O)(c1ccccc1)c4ccc(Oc3ccc2ccc(O)cc2c3)cc4,1
O=S(=O)(c1ccccc1)c7ccc(Oc6ccc(C35CC2CC(CC(C2)C3c4ccc(O)cc4)C5)cc6)cc7,0
O=S(=O)(c1ccccc1)c7ccc(Oc6ccc(C4(c2ccc(O)cc2)C3CC5CC(C3)CC4C5)cc6)cc7,1
O=S(=O)(c1ccccc1)c7ccc(Oc6ccc(C5(c2ccc(O)cc2)c3ccccc3c4ccccc45)cc6)cc7,1
O=S(C(C=C1)=CC=C1/C=C\C2=CC=C(C(C)(C)C)C=C2)(O)=O,1
O=c%12[nH]c(=O)c%13cc(C(c%11ccc%10c(=O)n(c9ccc(c8ccc(Oc7ccc(C6(c3ccc(Oc2ccc(c1ccccc1)cc2C(F)(F)F)cc3)c4ccccc4c5ccccc56)cc7)c(C(F)(F)F)c8)cc9)c(=O)c%10c%11)(C(F)(F)F)C(F)(F)F)ccc%12%13,1
O=c%12[nH]c(=O)c%13cc(Oc%11ccc%10c(=O)n(c9ccc(c8ccc(Oc7ccc(C6(c3ccc(Oc2ccc(c1ccccc1)cc2C(F)(F)F)cc3)c4ccccc4c5ccccc56)cc7)c(C(F)(F)F)c8)cc9)c(=O)c%10c%11)ccc%12%13,0
O=c2c1ccccc1c(=O)n2c5ccc(n4c(=O)c3ccccc3c4=O)cc5,0
O=c4[nH]c(=O)c5cc(C(c3ccc2c(=O)n(c1ccccc1)c(=O)c2c3)(C(F)(F)F)C(F)(F)F)ccc45,1
O=c4[nH]c(=O)c5cc3c(=O)n(c2ccc(Cc1ccccc1)cc2)c(=O)c3cc45,1
O=c4[nH]c(=O)c5cc3c(=O)n(c2cccc(Oc1ccccc1)c2)c(=O)c3cc45,1
O=c5[nH]c(=O)c6cc(C(c4ccc3c(=O)n(c2ccc(C(c1ccccc1)(C(F)(F)F)C(F)(F)F)cc2)c(=O)c3c4)(C(F)(F)F)C(F)(F)F)ccc56,0
O=c5[nH]c(=O)c6cc(C(c4ccc3c(=O)n(c2ccc(Cc1cccc(Cl)c1)cc2Cl)c(=O)c3c4)(C(F)(F)F)C(F)(F)F)ccc56,1
O=c5[nH]c(=O)c6cc(C(c4ccc3c(=O)n(c2ccc(Cc1ccccc1)cc2)c(=O)c3c4)(C(F)(F)F)C(F)(F)F)ccc56,1
O=c5[nH]c(=O)c6cc(C(c4ccc3c(=O)n(c2ccc(Oc1ccccc1)cc2)c(=O)c3c4)(C(F)(F)F)C(F)(F)F)ccc56,1
O=c5[nH]c(=O)c6cc(C(c4ccc3c(=O)n(c2ccc(S(=O)(=O)c1ccccc1)cc2)c(=O)c3c4)(C(F)(F)F)C(F)(F)F)ccc56,1
O=c5[nH]c(=O)c6cc(C(c4ccc3c(=O)n(c2ccc(Sc1ccccc1)cc2)c(=O)c3c4)(C(F)(F)F)C(F)(F)F)ccc56,1
O=c5[nH]c(=O)c6cc(C(c4ccc3c(=O)n(c2ccc(c1cccc(O)c1)cc2O)c(=O)c3c4)(C(F)(F)F)C(F)(F)F)ccc56,1
O=c5[nH]c(=O)c6cc(C(c4ccc3c(=O)n(c2cccc(C(c1ccccc1)(C(F)(F)F)C(F)(F)F)c2)c(=O)c3c4)(C(F)(F)F)C(F)(F)F)ccc56,0
O=c5[nH]c(=O)c6cc(C(c4ccc3c(=O)n(c2cccc(Oc1ccccc1)c2)c(=O)c3c4)(C(F)(F)F)C(F)(F)F)ccc56,1
O=c5[nH]c(=O)c6cc(C(c4ccc3c(=O)n(c2cccc(S(=O)(=O)c1ccccc1)c2)c(=O)c3c4)(C(F)(F)F)C(F)(F)F)ccc56,1
O=c5[nH]c(=O)c6cc(Oc4ccc3c(=O)n(c2ccc(Cc1ccccc1)cc2)c(=O)c3c4)ccc56,1
O=c5[nH]c(=O)c6cc(S(=O)(=O)c4ccc3c(=O)n(c2ccc(Cc1ccccc1)cc2)c(=O)c3c4)ccc56,1
O=c5[nH]c(=O)c6cc(S(=O)(=O)c4ccc3c(=O)n(c2ccc(Oc1ccccc1)cc2)c(=O)c3c4)ccc56,1
O=c5[nH]c(=O)c6cc(Sc4ccc3c(=O)n(c2ccc(Cc1ccccc1)cc2)c(=O)c3c4)ccc56,1
O=c5[nH]c(=O)c6cc(Sc4ccc3c(=O)n(c2ccc(Oc1ccccc1)cc2)c(=O)c3c4)ccc56,1
O=c5[nH]c(=O)c6cc(c4ccc3c(=O)n(c2ccc(C(c1ccccc1)(C(F)(F)F)C(F)(F)F)cc2)c(=O)c3c4)ccc56,1
O=c5[nH]c(=O)c6cc(c4ccc3c(=O)n(c2ccc(Cc1cccc(Cl)c1)cc2Cl)c(=O)c3c4)ccc56,1
O=c5[nH]c(=O)c6cc(c4ccc3c(=O)n(c2ccc(Cc1ccccc1)cc2)c(=O)c3c4)ccc56,1
O=c5[nH]c(=O)c6cc(c4ccc3c(=O)n(c2ccc(Cc1ccccc1Br)c(Br)c2)c(=O)c3c4)ccc56,1
O=c5[nH]c(=O)c6cc(c4ccc3c(=O)n(c2ccc(Cc1ccccc1Cl)c(Cl)c2)c(=O)c3c4)ccc56,1
O=c5[nH]c(=O)c6cc(c4ccc3c(=O)n(c2ccc(Cc1ccccc1F)c(F)c2)c(=O)c3c4)ccc56,1
O=c5[nH]c(=O)c6cc(c4ccc3c(=O)n(c2ccc(Oc1ccccc1)cc2)c(=O)c3c4)ccc56,1
O=c5[nH]c(=O)c6cc(c4ccc3c(=O)n(c2ccc(S(=O)(=O)c1ccccc1)cc2)c(=O)c3c4)ccc56,1
O=c5[nH]c(=O)c6cc(c4ccc3c(=O)n(c2ccc(Sc1ccccc1)cc2)c(=O)c3c4)ccc56,1
O=c5[nH]c(=O)c6ccc8c(=O)n(c4ccc(Oc3ccc(C(c2ccc(Oc1ccccc1)cc2)(C(F)(F)F)C(F)(F)F)cc3)cc4)c(=O)c7ccc5c6c78,1
O=c5oc(=O)c6cc(Sc4ccc3c(=O)n(c2ccc(Oc1ccccc1)cc2)c(=O)c3c4)ccc56,1
O=c5oc(=O)c6cc(Sc4ccc3c(=O)n(c2cccc(Oc1ccccc1)c2)c(=O)c3c4)ccc56,1
O=c6[nH]c(=O)c7cc(C(c5ccc4c(=O)n(c1ccc3c(c1)c(=O)c2ccccc23)c(=O)c4c5)(C(F)(F)F)C(F)(F)F)ccc67,1
O=c6[nH]c(=O)c7cc(C(c5ccc4c(=O)n(c3ccc(N(c1ccccc1)c2ccccc2)cc3)c(=O)c4c5)(C(F)(F)F)C(F)(F)F)ccc67,1
O=c6[nH]c(=O)c7cc(C(c5ccc4c(=O)n(c3ccc(Sc2ccc(Sc1ccccc1)cc2)cc3)c(=O)c4c5)(C(F)(F)F)C(F)(F)F)ccc67,1
O=c6[nH]c(=O)c7cc(C(c5ccc4c(=O)n(c3ccc2[nH]c1ccccc1c2c3)c(=O)c4c5)(C(F)(F)F)C(F)(F)F)ccc67,1
O=c6[nH]c(=O)c7cc(Oc5ccc(Oc4ccc3c(=O)n(c2ccc(Cc1ccccc1)cc2)c(=O)c3c4)cc5)ccc67,1
O=c6[nH]c(=O)c7cc(Oc5ccc(Oc4ccc3c(=O)n(c2ccc(Oc1ccccc1)cc2)c(=O)c3c4)cc5)ccc67,1
O=c6[nH]c(=O)c7cc(Oc5ccc4c(=O)n(c3ccc(N(c1ccccc1)c2ccccc2)cc3)c(=O)c4c5)ccc67,1
O=c6[nH]c(=O)c7cc(c5ccc4c(=O)n(c3ccc(N(c1ccccc1)c2ccccc2)cc3)c(=O)c4c5)ccc67,1
O=c6[nH]c(=O)c7cc5c(=O)n(c4ccc(Oc3ccc(C(c2ccc(Oc1ccccc1)cc2)(C(F)(F)F)C(F)(F)F)cc3)cc4)c(=O)c5cc67,0
O=c6[nH]c(=O)c7cc5c(=O)n(c4ccc(Oc3ccc(C(c2ccc(Oc1ccccc1C(F)(F)F)cc2)(C(F)(F)F)C(F)(F)F)cc3)c(C(F)(F)F)c4)c(=O)c5cc67,0
O=c6[nH]c(=O)c7cc5c(=O)n(c4cccc(Oc3ccc(C(c2ccc(Oc1ccccc1)cc2)(C(F)(F)F)C(F)(F)F)cc3)c4)c(=O)c5cc67,0
O=c6[nH]c(=O)c7cc5sc4cc3c(=O)n(c2ccc(Oc1ccccc1)cc2)c(=O)c3cc4sc5cc67,1
O=c7[nH]c(=O)c8cc(C(c6ccc5c(=O)n(c4ccc(Oc3ccc(C(c2ccc(Oc1ccccc1)cc2)(C(F)(F)F)C(F)(F)F)cc3)cc4)c(=O)c5c6)(C(F)(F)F)C(F)(F)F)ccc78,0
O=c7[nH]c(=O)c8cc(C(c6ccc5c(=O)n(c4ccc(Oc3ccc(C(c2ccc(Oc1ccccc1C(F)(F)F)cc2)(C(F)(F)F)C(F)(F)F)cc3)c(C(F)(F)F)c4)c(=O)c5c6)(C(F)(F)F)C(F)(F)F)ccc78,0
O=c7[nH]c(=O)c8cc(C(c6ccc5c(=O)n(c4ccc(Oc3ccc(Oc2ccc(Oc1ccccc1)cc2)cc3)cc4)c(=O)c5c6)(C(F)(F)F)C(F)(F)F)ccc78,1
O=c7[nH]c(=O)c8cc(c4cc3c(=O)n(c2ccc(Cc1ccccc1)cc2)c(=O)c3cc4Oc5ccccc5)c(Oc6ccccc6)cc78,1
O=c7[nH]c(=O)c8cc(c4cc3c(=O)n(c2ccc(Oc1ccccc1)cc2)c(=O)c3cc4Oc5ccccc5)c(Oc6ccccc6)cc78,1
O=c7[nH]c(=O)c8cc(c6ccc5c(=O)n(c4ccc(Oc3ccc(C(c2ccc(Oc1ccccc1)cc2)(C(F)(F)F)C(F)(F)F)cc3)cc4)c(=O)c5c6)ccc78,1
O=c7[nH]c(=O)c8cc(c6ccc5c(=O)n(c4ccc(Oc3ccc(C(c2ccc(Oc1ccccc1C(F)(F)F)cc2)(C(F)(F)F)C(F)(F)F)cc3)c(C(F)(F)F)c4)c(=O)c5c6)ccc78,0
O=c7[nH]c(=O)c8cc(c6ccc5c(=O)n(c4ccc(Oc3ccc(Oc2ccc(Oc1ccccc1)cc2)cc3)cc4)c(=O)c5c6)ccc78,1
O=c7c1ccc(C(C(F)(F)F)C(F)(F)F)cc1c8nc6cc(Oc5ccc4nc3c2ccccc2c(=O)n3c4c5)ccc6n78,1
O=c7c1ccccc1c8nc6cc(Oc5ccc4nc3c2ccccc2c(=O)n3c4c5)ccc6n78,1
O=c7c1ccccc1c8nc6ccc(Oc2ccc4c(c2)nc5c3cc(O)ccc3c(=O)n45)cc6n78,1
O=c8[nH]c(=O)c9cc(C(c7ccc6c(=O)n(c5ccc(N(c1ccccc1)c4ccc(N(c2ccccc2)c3ccccc3)cc4)cc5)c(=O)c6c7)(C(F)(F)F)C(F)(F)F)ccc89,1
O=c8[nH]c(=O)c9cc(C(c7ccc6c(=O)n(c5ccc(Oc4ccc(c3ccc(c2ccc(Oc1ccccc1)c(C(F)(F)F)c2)cc3)cc4C(F)(F)F)cc5)c(=O)c6c7)(C(F)(F)F)C(F)(F)F)ccc89,0
O=c8[nH]c(=O)c9cc(C(c7ccc6c(=O)n(c5ccc(Oc4ccc(c3ccc(c2ccc(Oc1ccccc1)c(C(F)(F)F)c2)s3)cc4C(F)(F)F)cc5)c(=O)c6c7)(C(F)(F)F)C(F)(F)F)ccc89,1
O=c8[nH]c(=O)c9cc(C(c7ccc6c(=O)n(c5ccc(Oc4ccc(c3cccc(c2ccc(Oc1ccccc1)c(C(F)(F)F)c2)n3)cc4C(F)(F)F)cc5)c(=O)c6c7)(C(F)(F)F)C(F)(F)F)ccc89,1
O=c8[nH]c(=O)c9cc(C(c7ccc6c(=O)n(c5ccc(Sc4ccc(Sc3ccc(Sc2ccc(Sc1ccccc1)cc2)cc3)cc4)cc5)c(=O)c6c7)(C(F)(F)F)C(F)(F)F)ccc89,1
O=c8c1ccccc1c9nc7ccc(Oc2ccc5c(c2)nc6c4cc(Oc3ccc(O)cc3)ccc4c(=O)n56)cc7n89,1
O=c9[nH]c(=O)c%10cc(C(c8ccc7c(=O)n(c6ccc(Oc5ccc(c4ccc(c3ccc(c2ccc(Oc1ccccc1)c(C(F)(F)F)c2)cc3)cc4)cc5C(F)(F)F)cc6)c(=O)c7c8)(C(F)(F)F)C(F)(F)F)ccc9%10,0
OC,0
OC(C(O)=C1)=CC2=C1C(CC3(C)C)(CC2(C)C)C4=C3C=C(OC(C(C#N)=C(OC5=C6)C(OC5=CC7=C6C(CC8(C)C)(CC7(C)C)C9=C8C=C(OC(C(C#N)=C(OC%10=C%11)C(OC%10=CC%12=C%11C(CC%13(C)C)(CC%12(C)C)C%14=C%13C=C(OC(C(C%15=NN=NN%15[H])=CC=C%16C%17=NN=NN%17[H])=C%16O%18)C%18=C%14)=C%19C%20=NN=NN%20[H])=C%19O%21)C%21=C9)=C%22C#N)=C%22O%23)C%23=C4,1
OC(C(O)=C1)=CC2=C1C(CC3(C)C)(CC2(C)C)C4=C3C=C(OC(C(S(C5=CC=CC=C5)(=O)=O)=C(OC6=C7)C(OC6=CC8=C7C(CC9(C)C)(CC8(C)C)C%10=C9C=C(OC(C(C#N)=CC=C%11C#N)=C%11O%12)C%12=C%10)=C%13C(F)(F)F)=C%13O%14)C%14=C4,0
OC(C(O)=C1)=CC2=C1C(CC3(C)C)(CC2(C)C)C4=C3C=C(OC(C(S(C5=CC=CC=C5)(=O)=O)=CC=C6C(F)(F)F)=C6O7)C7=C4,1
OC(C(O)=C1)=CC2=C1C(CC3(C)C)(CC2(C)C)C4=C3C=C(OC)C(OC(C=C5)=CC6=C5S(C(C=C(OC7=C8)C(OC7=CC9=C8C=C(OC(C(C#N)=CC=C%10C#N)=C%10O%11)C%11=C9C%12=CC=CC%13=C%12C=CC=C%13)=C%14)C%14S(=O)6=O)(=O)=O)=C4,0
OC(C(O)=C1)=CC2=C1C3(CC2(C)C)C4=CC5=NC6=CC=CC=C6N=C5C=C4C(C)(C)C3,0
OC(C=C1)=CC=C1/C=C\C2=CC=C(C(C)(C)C)C=C2,1
OC1=C(/C(N)=N/O)C2=C(C(/C(N)=N/O)=C1O)OC3=CC4=C(C5(CC(C)(C)C6=C5C=CC=C6)CC4(C)C)C=C3O2,1
OC1=C(C#N)C2=C(C(C#N)=C1O)OC3=CC4=C(C5(CC(C)(C)C6=C5C=CC=C6)CC4(C)C)C=C3O2,0
OC1=C(C(N)=S)C2=C(C(C(N)=S)=C1O)OC3=CC4=C(C5(CC(C)(C)C6=C5C=CC=C6)CC4(C)C)C=C3O2,1
OC1=C(C(O)=O)C2=C(C(C(O)=O)=C1O)OC3=CC4=C(C5(CC(C)(C)C6=C5C=CC=C6)CC4(C)C)C=C3O2,0
OC1=C(O)C=C(C2(CC(C)(C)C3=C2C=C4C(OC(C(S(=O)(C5=CC=CC=C5)=O)=C(O6)C(OC7=C6C=C(C8(CC(C)(C)C9=C8C=C%10C(OC(C(C#N)=CC=C%11C#N)=C%11O%10)=C9)CC%12(C)C)C%12=C7)=C%13C(F)(F)F)=C%13O4)=C3)CC%14(C)C)C%14=C1,0
OC1=CC(/C=C\C2=CC=C(C(C)(C)C)C=C2)=CC=C1,0
OC1=CC2=C(C3(CC(C)(C)C4=C3C=C(OC(C5=C6C#N)=C(C#N)C7=C6OC8=CC(C9(CCCC)C(C=CC=C%10)=C%10[C@]%11(CCCC)C(C(N%12C%13=C(C)C=C(C)C=C%13C)=O)[C@H]9C%12=O)=C%11C=C8O7)C(O5)=C4)CC2(C)C)C=C1O,0
OC1=CC2=C(C3(CC(C)(C)C4=C3C=C(OC(C5=C6C#N)=C(C#N)C7=C6OC8=CC(C9(CCCC)C(C=CC=C%10)=C%10[C@]%11(CCCC)C(C(N%12C%13=CC=C(C(C)(C)C)C=C%13)=O)[C@H]9C%12=O)=C%11C=C8O7)C(O5)=C4)CC2(C)C)C=C1O,0
OC1=CC2=C(C3(CC(C)(C)C4=C3C=C(OC(C5=C6C#N)=C(C#N)C7=C6OC8=CC(C9(CCCC)C(C=CC=C%10)=C%10[C@]%11(CCCC)C(C(N%12C%13=CC=C(C)C=C%13)=O)[C@H]9C%12=O)=C%11C=C8O7)C(O5)=C4)CC2(C)C)C=C1O,1
OC1=CC2=C(C3(CC(C)(C)C4=C3C=C(OC(C5=C6C#N)=C(C#N)C7=C6OC8=CC(C9(CCCC)C(C=CC=C%10)=C%10[C@]%11(CCCC)C(C(N%12C%13=CC=C(OCC)C=C%13)=O)[C@H]9C%12=O)=C%11C=C8O7)C(O5)=C4)CC2(C)C)C=C1O,0
OC1=CC2=C(C3(CC(C)(C)C4=C3C=C(OC(C5=C6C#N)=C(C#N)C7=C6OC8=CC(C9(CCCC)C(C=CC=C%10)=C%10[C@]%11(CCCC)C(C(N%12C%13=CC=CC=C%13)=O)[C@H]9C%12=O)=C%11C=C8O7)C(O5)=C4)CC2(C)C)C=C1O,1
OC1=CC2=C(C3(CC(C)(C)C4=C3C=C(OC(C5=C6C#N)=C(C#N)C7=C6OC8=CC(C9(CCCC)C(C=CC=C%10)=C%10[C@]%11(CCCC)C(C(N%12C)=O)[C@H]9C%12=O)=C%11C=C8O7)C(O5)=C4)CC2(C)C)C=C1O,1
OC1=CC2=C(C3(CC(C)(C)C4=C3C=C5C(OC(C(C#N)=CC=C6C#N)=C6O5)=C4)CC2(C)C)C=C1O,0
OC1=CC2=C(C=CC=C2)C(C3=C4C(OC(C=C(OC5=C6)C(OC5=CC7=C6C(CC8(C)C)(CC7(C)C)C9=C8C=C(OC(C(C#N)=C(C)C(C)=C%10C#N)=C%10O%11)C%11=C9)=C%12)=C%12O4)=CC%13=C3C=CC=C%13)=C1O,0
OC1=CC2=C([C@](C3=CC4=C(C=C3[C@@]25C)C=C(C(C(F)(F)F)=C4)C(F)(F)F)(C)C6=C5C=C(O7)C(OC8=C7C(C#N)=CC=C8C#N)=C6)C=C1O,0
OC1=CC2=C([C@](C3=CC4=C(C=C3[C@@]25C)C=C(C=C4)C(F)(F)F)(C)C6=C5C=C(O7)C(OC8=C7C(C#N)=CC=C8C#N)=C6)C=C1O,0
OCC,1
OCCCCl,1
Oc1c(CBr)cccc1CBr,1
Oc2c(c1ccccc1)cccc2c3ccccc3,1
Oc2ccc(C(c1ccc(O)cc1)(C(F)(F)F)C(F)(F)F)cc2,0
Oc3ccc(C2(c1ccc(O)cc1)CCCCC2)cc3,0
Oc5ccc(C(c4ccc(Oc3c(F)c(F)c(COC(c2cccc(C(OCc1c(F)c(F)c(F)c(F)c1F)(C(F)(F)F)C(F)(F)F)c2)(C(F)(F)F)C(F)(F)F)c(F)c3F)cc4)(C(F)(F)F)C(F)(F)F)cc5,0
Oc5ccc(Cc4ccc(Oc3c(F)c(F)c(COC(c2cccc(C(OCc1c(F)c(F)c(F)c(F)c1F)(C(F)(F)F)C(F)(F)F)c2)(C(F)(F)F)C(F)(F)F)c(F)c3F)cc4)cc5,0
Oc5ccc(c4ccc(Oc3c(F)c(F)c(COC(c2cccc(C(OCc1c(F)c(F)c(F)c(F)c1F)(C(F)(F)F)C(F)(F)F)c2)(C(F)(F)F)C(F)(F)F)c(F)c3F)cc4)cc5,0
Oc8ccc(c7ccc(c6ccc(Oc5ccc(C4(c1ccccc1)c2ccccc2c3ccccc34)cc5)c(C(F)(F)F)c6)s7)cc8C(F)(F)F,0
Oc8ccc(c7cncc(c6ccc(Oc5ccc(C4(c1ccccc1)c2ccccc2c3ccccc34)cc5)c(C(F)(F)F)c6)c7)cc8C(F)(F)F,0
SC1=CC=C([H])C=C1,1
[H]/C=C\C1=CC=C(O[Si](C)(C(C)(C)C)C)C=C1,0
[H]C1(C2=CC=CC=C2C3([H])CC1)C4=C3C=C(CNCN5C)C5=C4,0
[SiH3]C,0
c1ccccc1O,0
